1570731658.3215811,21,37,47,85,28,27,25,26
1570731658.322725,25,40,46,100,30,26,24,23
1570731658.390206,27,41,51,100,29,27,21,24
1570731658.3913126,28,43,56,113,29,30,24,26
1570731658.3925657,28,43,60,103,31,30,23,27
1570731658.460701,29,43,66,87,31,29,24,25
1570731658.4619772,29,41,65,86,32,28,25,25
1570731658.4635513,28,41,66,78,35,28,20,24
1570731658.530093,27,39,66,79,38,28,21,20
1570731658.5312583,26,36,66,84,39,26,20,22
1570731658.5325656,25,35,69,85,38,29,20,22
1570731658.6006572,25,36,56,81,36,29,21,20
1570731658.6019914,24,38,57,91,32,28,20,22
1570731658.6034558,26,36,58,105,35,29,21,23
1570731658.6702561,27,36,53,112,33,27,23,23
1570731658.671371,28,35,57,108,34,31,24,28
1570731658.6726487,31,33,61,125,34,32,24,28
1570731658.8106713,30,37,56,107,34,32,24,26
1570731658.8119943,28,38,55,102,36,33,23,27
1570731658.8133056,29,41,55,108,39,26,25,23
1570731658.8142111,23,42,54,99,38,28,25,25
1570731658.8806953,21,36,66,111,33,37,23,24
1570731658.8819947,24,36,67,103,33,36,23,23
1570731658.8835483,26,42,56,119,33,34,24,22
1570731658.9502735,25,39,53,126,39,34,24,22
1570731658.9513555,26,38,63,114,41,27,23,21
1570731658.952635,27,39,63,130,59,31,27,22
1570731659.020725,27,31,61,138,60,36,29,22
1570731659.0219843,28,34,64,138,60,37,30,21
1570731659.0234895,29,35,57,140,60,37,30,24
1570731659.160245,30,35,54,116,46,34,24,23
1570731659.1613686,29,32,59,122,46,30,26,22
1570731659.162603,28,36,56,127,46,29,24,23
1570731659.2302828,23,40,59,139,59,43,29,28
1570731659.2313347,22,36,56,125,46,35,29,28
1570731659.2326028,23,35,54,122,47,34,30,28
1570731659.3006837,25,38,49,151,53,32,30,26
1570731659.3019953,26,38,46,137,52,27,27,23
1570731659.3034956,28,35,45,160,56,28,28,23
1570731659.370277,29,36,44,167,61,30,26,22
1570731659.3713577,30,32,51,159,62,30,27,23
1570731659.3726573,29,37,50,143,55,28,22,23
1570731659.4407032,31,44,65,111,50,29,26,23
1570731659.4419978,31,46,76,130,42,28,28,24
1570731659.4434953,31,45,69,131,47,29,28,24
1570731659.5101535,32,42,75,136,43,28,27,24
1570731659.5802226,31,41,68,132,46,28,26,24
1570731659.5813174,33,38,63,135,48,30,25,24
1570731659.5826194,32,38,62,106,48,31,25,23
1570731659.6501338,27,38,65,94,40,31,27,24
1570731659.6513271,27,38,55,114,36,30,24,23
1570731659.6526659,26,36,54,118,35,31,25,23
1570731659.720236,30,34,42,120,35,29,25,23
1570731659.7213616,29,32,54,132,30,30,26,24
1570731659.7226522,33,34,66,134,32,30,23,23
1570731659.8607104,34,36,67,120,31,30,27,20
1570731659.862002,35,37,67,113,32,30,27,19
1570731659.8633409,35,38,59,108,37,32,27,18
1570731659.9302633,30,41,67,108,34,30,22,23
1570731659.9313846,30,42,67,116,32,33,26,24
1570731659.9333074,29,42,68,110,31,30,28,28
1570731660.070087,28,40,69,103,34,30,28,26
1570731660.0712214,27,40,67,98,38,29,27,28
1570731660.0725842,28,36,61,98,43,30,28,27
1570731660.140251,29,35,45,100,41,30,25,24
1570731660.1413863,30,34,43,95,42,30,25,23
1570731660.1426413,32,37,47,106,42,31,25,21
1570731660.2102342,29,40,56,119,36,26,23,19
1570731660.21134,30,38,55,113,34,25,25,21
1570731660.2125673,30,38,51,113,33,28,26,23
1570731660.349825,29,36,54,113,32,29,24,22
1570731660.3511422,30,36,51,115,33,30,25,22
1570731660.3524547,29,34,53,113,35,30,25,24
1570731660.4199278,32,40,65,124,34,30,22,27
1570731660.4212306,29,38,69,134,33,28,22,24
1570731660.4225318,28,36,65,124,33,26,25,24
1570731660.4902635,24,32,59,110,28,26,25,21
1570731660.49133,24,30,59,108,28,26,27,21
1570731660.4925716,25,32,54,119,28,28,24,21
1570731660.5600991,26,34,53,131,28,29,22,22
1570731660.5613112,26,36,54,134,33,32,21,22
1570731660.5626101,28,33,44,136,33,32,21,25
1570731660.6999242,28,34,37,119,37,31,19,24
1570731660.7012167,28,34,36,103,38,31,22,24
1570731660.7025552,28,33,44,103,41,28,24,24
1570731660.7698462,29,38,60,93,32,30,22,22
1570731660.7710812,29,36,57,103,34,29,22,21
1570731660.772383,28,35,54,113,38,28,22,21
1570731660.839836,26,37,54,119,40,27,22,20
1570731660.8411086,30,32,54,124,42,32,24,20
1570731660.8424904,26,33,48,123,39,31,20,19
1570731660.9099255,30,36,49,99,35,31,23,21
1570731660.9111845,35,36,49,100,33,32,23,22
1570731660.9124985,33,37,42,95,30,31,21,22
1570731660.9799592,33,40,48,100,31,28,20,23
1570731660.9812412,28,38,48,104,33,29,18,21
1570731660.9825773,32,39,49,105,36,30,27,20
1570731661.0501835,29,35,53,98,39,29,56,22
1570731661.05128,30,34,61,100,40,32,84,29
1570731661.052545,31,35,66,109,37,31,96,30
1570731661.1203144,28,35,73,131,39,32,98,32
1570731661.1906502,26,35,77,156,40,32,130,32
1570731661.1919498,26,34,80,163,39,32,136,32
1570731661.193506,27,32,72,189,63,39,135,25
1570731661.2602072,29,30,58,162,87,40,89,26
1570731661.2613509,27,31,56,149,91,41,61,27
1570731661.2625785,29,33,51,140,83,40,51,28
1570731661.3302088,26,38,65,136,72,37,32,26
1570731661.4006789,26,44,63,130,65,39,30,28
1570731661.4019442,30,46,76,124,64,35,27,33
1570731661.4032662,27,46,91,120,60,32,27,32
1570731661.470243,32,41,109,146,55,42,33,29
1570731661.471365,32,42,101,144,58,45,33,31
1570731661.4726148,26,42,90,165,62,44,43,30
1570731661.5402157,26,40,82,163,62,40,44,27
1570731661.5413494,27,41,81,167,79,44,45,25
1570731661.5425913,26,34,66,162,76,41,45,26
1570731661.610234,27,33,63,114,76,39,33,26
1570731661.611352,27,35,66,114,79,41,30,27
1570731661.6125803,28,35,57,112,63,34,39,28
1570731661.6802244,27,36,56,108,64,36,39,28
1570731661.6819515,27,36,55,107,62,37,74,29
1570731661.6839654,28,36,68,131,67,40,83,28
1570731661.75063,29,40,68,124,68,39,83,26
1570731661.7519555,28,44,76,130,67,39,83,23
1570731661.7532883,27,43,75,136,65,37,62,25
1570731661.8201876,27,47,65,121,67,36,88,30
1570731661.8213449,26,49,73,130,70,40,86,33
1570731661.8225746,28,49,89,164,83,39,87,34
1570731661.8906903,30,50,139,185,90,42,84,35
1570731661.891955,30,47,138,186,83,40,59,33
1570731661.8935304,30,47,132,176,78,39,113,32
1570731661.9606872,29,43,123,139,68,39,116,32
1570731661.9619522,30,43,122,133,63,36,118,30
1570731661.9635196,31,40,65,128,62,37,120,31
1570731662.030658,30,37,102,183,62,32,60,27
1570731662.031931,29,37,105,203,57,33,52,29
1570731662.0335217,30,38,113,226,65,32,45,28
1570731662.1006157,28,36,112,219,64,36,63,32
1570731662.1019351,27,37,101,199,70,40,72,32
1570731662.103507,28,35,86,197,67,38,79,38
1570731662.170637,31,44,88,157,57,47,162,54
1570731662.17194,37,48,94,176,56,42,283,59
1570731662.1734855,38,52,119,189,50,47,304,67
1570731662.2407618,40,54,125,241,52,49,331,68
1570731662.2419972,54,57,128,267,103,56,324,75
1570731662.2435212,54,54,126,278,107,52,320,73
1570731662.3106937,53,50,112,327,119,49,204,62
1570731662.3119893,72,52,123,328,124,50,161,70
1570731662.313551,63,50,115,317,102,44,148,61
1570731662.380648,65,52,112,326,99,42,153,61
1570731662.381933,71,54,113,319,92,46,159,61
1570731662.383513,74,54,106,279,99,47,152,60
1570731662.4506986,53,45,106,272,86,46,152,40
1570731662.4520242,52,46,153,427,92,49,180,39
1570731662.4535437,43,44,213,503,101,45,253,45
1570731662.5206861,37,41,213,503,90,45,264,50
1570731662.521967,40,46,207,493,86,47,270,57
1570731662.5235386,41,51,212,499,89,48,282,63
1570731662.6602614,39,53,197,374,88,48,254,65
1570731662.7313213,39,66,134,272,81,52,164,68
1570731662.8007054,27,149,95,136,99,42,40,35
1570731662.8019547,27,86,96,156,89,35,38,33
1570731662.80352,28,64,90,156,91,35,38,33
1570731662.8705552,28,43,88,156,95,38,34,28
1570731662.8718817,28,41,86,149,86,36,29,45
1570731662.8734577,30,37,84,137,89,38,32,109
1570731662.9406323,29,45,87,141,91,42,35,141
1570731662.9419525,30,42,86,141,100,40,38,143
1570731662.9435265,29,43,82,142,91,38,36,144
1570731663.0107956,28,43,97,149,94,36,36,107
1570731663.011943,26,36,99,135,81,30,35,58
1570731663.0134943,27,44,97,146,70,31,33,54
1570731663.0807064,30,41,93,135,63,30,35,61
1570731663.0819502,34,40,88,136,70,30,39,61
1570731663.0835316,32,42,83,124,58,31,37,46
1570731663.1506975,36,33,67,124,67,33,37,52
1570731663.1519372,33,35,78,133,74,39,39,43
1570731663.1535053,31,37,96,139,69,39,35,50
1570731663.2206562,33,34,93,137,72,37,37,54
1570731663.2218893,29,37,93,124,76,36,45,55
1570731663.2234678,32,38,101,109,70,37,44,54
1570731663.2906897,31,36,72,84,68,30,45,51
1570731663.291943,30,37,73,82,64,32,44,48
1570731663.2935069,32,34,77,82,68,35,37,48
1570731663.3607287,31,34,65,84,62,32,37,47
1570731663.3619769,31,33,65,78,61,32,38,44
1570731663.3634932,32,35,70,114,61,32,39,44
1570731663.4300036,32,35,67,122,62,30,38,44
1570731663.431189,31,34,68,129,50,29,36,43
1570731663.4324822,29,34,67,129,50,29,37,41
1570731663.5007243,25,35,62,105,46,32,25,31
1570731663.5019605,21,35,71,117,50,33,26,30
1570731663.5035355,21,35,64,115,57,34,27,30
1570731663.5702891,25,34,68,120,58,35,25,28
1570731663.5713334,26,33,64,111,56,32,26,27
1570731663.5725775,26,34,92,118,57,35,25,26
1570731663.6407065,28,39,98,115,53,34,21,22
1570731663.6419897,28,40,106,112,53,34,20,20
1570731663.6435542,29,40,109,114,66,37,28,25
1570731663.7799788,31,44,91,122,69,34,32,27
1570731663.7812066,31,41,91,104,67,33,32,27
1570731663.7825418,29,39,97,102,67,34,35,27
1570731663.8503923,28,35,86,131,73,37,32,30
1570731663.9207342,31,34,105,155,74,34,36,33
1570731663.9220142,31,35,104,163,75,32,38,34
1570731663.9902766,48,47,187,169,80,34,34,48
1570731663.991349,48,45,180,168,66,34,33,50
1570731663.992599,45,42,194,197,64,34,39,66
1570731664.0600035,51,48,244,185,53,43,78,120
1570731664.0612128,42,48,232,179,48,44,80,137
1570731664.0625517,42,49,239,196,47,43,91,140
1570731664.130325,43,54,244,220,47,44,115,160
1570731664.1313698,39,53,185,225,58,41,111,162
1570731664.132635,35,54,174,234,61,39,103,136
1570731664.2008202,37,53,194,229,59,39,93,108
1570731664.2019613,35,49,166,182,68,43,96,63
1570731664.20348,32,47,152,174,77,42,93,37
1570731664.2700744,33,47,194,168,79,43,89,35
1570731664.2712371,29,43,164,171,85,45,89,36
1570731664.272556,27,43,165,171,86,46,89,34
1570731664.3400555,33,45,186,163,64,40,51,44
1570731664.3413117,31,42,146,161,64,38,48,43
1570731664.3425655,31,46,144,147,58,35,47,42
1570731664.4102943,32,48,143,140,59,33,49,44
1570731664.4113681,31,45,121,138,68,32,47,38
1570731664.4126506,33,44,132,144,65,28,48,33
1570731664.4800234,37,47,131,142,62,27,52,32
1570731664.481218,37,45,131,161,66,27,51,31
1570731664.4825766,37,44,130,176,53,30,64,27
1570731664.5501595,35,43,147,187,65,34,64,29
1570731664.5513375,33,41,148,230,67,37,65,31
1570731664.5526013,36,39,147,240,68,38,67,32
1570731664.6200533,44,40,139,226,71,38,79,32
1570731664.62126,44,41,128,222,73,38,78,31
1570731664.6225858,44,36,129,182,103,41,80,30
1570731664.6902997,42,37,142,182,107,40,77,31
1570731664.6913762,40,37,154,203,104,39,78,32
1570731664.6926584,37,39,150,209,104,42,61,33
1570731664.759955,36,49,172,199,74,47,92,37
1570731664.7612252,38,47,180,184,72,53,133,45
1570731664.7625623,88,56,188,159,77,54,182,75
1570731664.8298087,103,56,191,145,80,54,199,89
1570731664.8310916,104,52,193,164,72,49,205,104
1570731664.8324165,104,49,171,182,80,45,195,104
1570731664.9001727,69,44,145,352,182,84,122,86
1570731664.901325,45,41,159,370,207,95,97,79
1570731664.9026084,42,40,153,389,209,98,79,61
1570731664.9701903,41,40,153,381,207,99,87,59
1570731664.9713583,40,42,171,341,163,86,79,55
1570731664.9726298,36,38,173,243,120,67,78,49
1570731665.0401986,33,39,138,175,62,46,67,28
1570731665.0413358,33,38,138,165,56,41,52,30
1570731665.0426183,30,36,109,154,58,40,53,28
1570731665.1101456,31,35,93,157,57,38,42,30
1570731665.1113343,27,38,93,155,54,39,38,29
1570731665.1126094,29,39,116,190,64,40,37,33
1570731665.1802084,28,41,114,190,66,41,34,32
1570731665.1813574,29,44,123,194,71,45,35,33
1570731665.182623,30,41,135,203,70,45,35,35
1570731665.2503016,30,40,116,157,62,41,31,32
1570731665.2513835,30,38,107,140,59,38,29,31
1570731665.252652,31,36,107,141,57,37,27,30
1570731665.3202305,33,34,84,128,58,31,29,25
1570731665.321383,31,33,79,124,59,32,30,26
1570731665.3226082,29,32,74,146,56,35,30,26
1570731665.39024,29,35,85,148,60,35,32,27
1570731665.3913445,27,37,84,138,56,39,46,26
1570731665.3926148,25,34,84,143,56,40,56,27
1570731665.4602287,27,36,94,149,62,42,64,30
1570731665.461334,26,37,88,153,75,49,70,30
1570731665.4625683,30,34,84,155,74,46,73,30
1570731665.5302186,29,35,87,153,86,47,69,29
1570731665.5313232,30,33,89,149,85,50,78,27
1570731665.5325847,29,35,82,117,83,47,82,25
1570731665.600191,27,38,86,162,68,40,84,30
1570731665.6013594,27,41,78,171,54,39,96,33
1570731665.6026132,30,42,71,173,56,35,119,44
1570731665.6702611,31,40,67,174,79,42,133,60
1570731665.6713424,35,42,66,161,79,42,131,80
1570731665.6725855,35,39,61,128,83,43,130,106
1570731665.7402325,33,33,73,136,93,47,99,109
1570731665.7413394,31,34,89,223,80,42,76,102
1570731665.7425816,28,33,112,261,110,49,70,90
1570731665.8102322,25,33,111,270,107,46,63,54
1570731665.8113494,25,33,104,264,129,50,51,50
1570731665.8126302,24,33,108,267,125,45,43,46
1570731665.8800366,27,36,74,169,92,35,36,36
1570731665.8812797,27,34,76,191,95,39,36,36
1570731665.882492,28,36,81,189,74,32,31,27
1570731665.95024,29,37,78,177,71,32,31,27
1570731665.9513514,29,36,81,158,73,35,30,27
1570731665.9526098,31,38,80,149,74,38,30,24
1570731666.02024,33,39,70,117,59,37,28,26
1570731666.0213768,33,38,71,119,61,39,27,25
1570731666.022661,32,37,72,148,65,40,31,25
1570731666.0903606,28,34,67,157,65,38,32,28
1570731666.0913546,27,32,68,148,64,37,31,24
1570731666.0926034,27,30,66,152,78,40,32,26
1570731666.1602707,26,32,52,134,68,40,26,26
1570731666.1613579,27,34,58,147,69,43,25,26
1570731666.1626055,29,36,69,156,74,44,30,28
1570731666.2301748,29,40,70,143,59,39,29,27
1570731666.2313974,30,40,76,128,60,35,28,26
1570731666.23265,31,41,84,133,60,33,31,26
1570731666.3002543,29,38,69,111,48,32,29,28
1570731666.3013983,30,36,79,132,50,33,30,31
1570731666.302645,30,38,87,144,49,34,32,32
1570731666.3702703,29,39,82,142,52,34,31,33
1570731666.4401352,27,40,84,139,51,30,32,31
1570731666.4413662,25,39,82,142,62,32,32,29
1570731666.4426415,26,37,63,99,59,32,28,28
1570731666.4441662,26,34,59,105,54,32,27,27
1570731666.5099967,30,33,54,96,46,29,24,23
1570731666.5112445,28,31,65,100,45,29,24,24
1570731666.5125518,27,31,55,115,53,30,26,20
1570731666.580662,25,34,61,106,61,37,26,22
1570731666.6506405,26,38,80,103,55,34,24,21
1570731666.651906,25,39,73,94,58,35,24,20
1570731666.652568,26,38,76,97,53,36,23,21
1570731666.7207348,29,40,61,115,56,36,31,27
1570731666.7220297,27,40,63,119,53,35,30,26
1570731666.723488,24,41,77,106,46,34,29,24
1570731666.7903025,27,37,78,107,37,32,26,24
1570731666.791396,27,36,81,112,37,30,24,22
1570731666.7926545,28,33,78,120,32,31,24,22
1570731666.860636,31,32,81,141,55,32,25,23
1570731666.8619912,29,35,76,139,59,33,25,23
1570731666.8635852,31,34,74,139,65,35,27,23
1570731666.9307516,31,33,85,135,67,34,27,22
1570731666.9320107,27,35,70,125,56,33,25,22
1570731666.9335175,31,36,70,126,54,31,24,22
1570731667.0002847,31,35,69,136,64,32,25,25
1570731667.001407,30,35,68,132,61,31,24,26
1570731667.002637,29,39,49,138,62,33,23,26
1570731667.0708172,26,39,53,119,59,33,25,28
1570731667.0720205,26,37,55,103,50,35,26,28
1570731667.0736208,24,41,72,103,46,32,25,28
1570731667.14031,26,38,78,90,48,30,26,28
1570731667.1413789,27,40,71,66,55,30,26,26
1570731667.1426287,30,36,75,57,56,34,28,25
1570731667.2107356,29,33,61,134,70,40,26,23
1570731667.2119946,27,36,67,134,71,41,27,26
1570731667.2134697,27,33,71,139,69,42,26,27
1570731667.2802486,25,35,65,142,69,41,30,27
1570731667.2813525,26,34,64,105,67,39,27,26
1570731667.282624,26,34,68,102,61,37,29,29
1570731667.350735,26,33,57,110,67,43,29,27
1570731667.3519847,25,35,61,128,68,42,22,26
1570731667.353476,27,34,63,145,63,43,26,25
1570731667.4201126,26,37,66,142,70,44,26,22
1570731667.4213104,24,38,61,140,67,43,27,20
1570731667.42263,27,41,71,144,61,38,26,23
1570731667.4907727,28,44,71,109,65,35,31,27
1570731667.492685,30,42,70,113,58,32,33,30
1570731667.4942462,31,42,77,146,64,32,33,31
1570731667.5602713,30,41,73,142,63,31,32,30
1570731667.5613935,31,39,77,143,60,33,30,26
1570731667.5626445,27,39,76,150,59,33,28,28
1570731667.632486,25,40,67,129,60,39,30,28
1570731667.6340513,24,38,63,125,61,40,30,29
1570731667.6345544,25,39,52,122,67,37,30,31
1570731667.7003691,26,37,50,129,67,37,29,29
1570731667.8402698,26,37,63,136,72,38,31,32
1570731667.8413794,27,37,64,136,70,35,25,31
1570731667.8435135,23,33,65,148,60,35,27,25
1570731667.9107637,63,48,58,138,41,28,49,118
1570731667.9120417,65,48,61,112,39,26,51,126
1570731667.913471,66,48,62,97,37,27,54,132
1570731667.9802094,65,41,96,181,43,27,52,131
1570731667.981406,48,43,100,202,51,33,51,104
1570731667.9826436,40,38,106,222,69,34,36,83
1570731668.0506911,33,37,112,225,82,38,32,59
1570731668.0520427,33,35,89,178,86,38,31,44
1570731668.0536263,27,30,78,157,83,34,29,36
1570731668.1201844,29,27,71,124,68,33,30,34
1570731668.1213784,53,27,80,130,62,33,49,102
1570731668.1226518,59,32,85,136,60,35,156,173
1570731668.1907928,62,34,91,110,51,38,165,185
1570731668.19356,62,35,99,115,53,38,167,189
1570731668.1939173,45,40,99,146,98,47,164,166
1570731668.2602725,36,38,111,175,110,45,79,91
1570731668.261389,32,41,117,189,118,48,69,70
1570731668.262672,29,41,118,201,121,48,61,69
1570731668.3305407,28,35,113,179,97,40,46,43
1570731668.3319197,27,34,97,156,77,36,30,40
1570731668.3333528,30,29,86,141,69,31,29,37
1570731668.4002643,29,28,93,148,64,29,28,31
1570731668.401398,29,37,79,154,55,26,25,33
1570731668.4026666,38,38,92,156,58,27,26,34
1570731668.470741,42,41,94,144,63,33,29,33
1570731668.472022,44,41,103,149,72,37,34,37
1570731668.473493,42,36,109,145,73,39,33,34
1570731668.540285,38,40,113,152,71,36,35,36
1570731668.5413804,41,41,108,151,68,35,34,36
1570731668.5426276,36,40,111,152,61,32,35,33
1570731668.6107116,33,39,106,128,49,30,33,32
1570731668.6120453,31,38,94,132,43,34,30,28
1570731668.6135058,27,38,98,129,44,37,31,27
1570731668.6803586,25,38,96,127,62,42,32,30
1570731668.6814008,24,39,86,126,57,39,29,26
1570731668.682701,26,37,74,140,58,40,29,27
1570731668.7507076,25,33,90,169,66,37,46,27
1570731668.7520437,29,35,107,179,58,36,47,28
1570731668.7535164,28,36,104,181,59,37,49,29
1570731668.8204086,28,40,105,171,64,37,48,27
1570731668.8907456,32,39,94,138,68,41,37,30
1570731668.8920445,32,43,96,144,65,40,41,33
1570731668.9604099,34,31,86,197,68,40,86,93
1570731669.0307143,34,33,98,205,53,31,88,95
1570731669.0320241,35,33,97,207,55,36,83,92
1570731669.1003237,31,34,93,146,34,42,239,71
1570731669.1014354,41,38,88,167,37,44,246,70
1570731669.1027088,49,37,88,215,69,46,251,80
1570731669.1707098,59,41,62,259,86,49,187,76
1570731669.172004,59,46,68,303,104,56,176,64
1570731669.1735272,54,43,67,358,108,57,193,62
1570731669.2403202,50,45,96,391,112,60,196,59
1570731669.2414186,48,45,122,388,109,56,215,56
1570731669.2426984,45,44,250,418,125,60,346,62
1570731669.3108022,47,40,272,396,135,55,332,64
1570731669.3120623,44,46,268,348,121,51,335,63
1570731669.3135395,53,55,265,334,118,50,326,69
1570731669.380304,51,62,157,298,101,44,184,68
1570731669.3814316,50,65,131,293,68,36,144,69
1570731669.3827143,51,70,180,363,81,36,128,71
1570731669.4507987,42,60,217,442,126,41,94,70
1570731669.4520392,41,55,217,439,126,48,98,64
1570731669.45357,44,59,213,410,127,53,154,63
1570731669.5203266,62,52,173,341,118,60,193,71
1570731669.5214472,67,53,175,294,71,57,225,59
1570731669.5226758,68,55,143,214,69,58,288,62
1570731669.5908084,65,48,146,267,73,52,311,70
1570731669.5920055,45,47,173,313,87,42,355,63
1570731669.5935388,46,47,215,352,94,49,342,69
1570731669.660314,52,48,305,443,108,50,315,69
1570731669.6614249,53,46,324,435,117,54,370,70
1570731669.6626503,59,51,326,432,112,59,358,68
1570731669.730733,53,56,315,369,104,55,301,59
1570731669.7320275,45,55,225,267,107,54,281,59
1570731669.7335384,44,56,203,278,110,54,198,56
1570731669.8007615,36,50,197,298,112,49,145,55
1570731669.802713,33,51,141,290,113,49,127,54
1570731669.870794,25,45,157,242,83,44,78,36
1570731669.8720334,23,44,152,217,82,44,67,31
1570731669.8735652,24,41,160,213,77,38,66,28
1570731669.940297,26,43,115,192,75,37,64,34
1570731669.9414103,30,41,118,196,70,33,49,39
1570731669.9426446,29,39,103,225,70,34,55,38
1570731670.0107343,34,38,83,199,55,39,123,47
1570731670.0120068,82,44,90,208,51,50,280,65
1570731670.0135293,92,49,91,213,52,68,363,170
1570731670.0803087,96,60,94,198,82,75,365,182
1570731670.081391,98,64,96,193,134,80,363,186
1570731670.0826988,98,64,107,206,157,83,354,188
1570731670.1507301,48,58,108,168,170,66,99,98
1570731670.1520345,42,46,128,157,159,59,85,74
1570731670.1535351,38,41,128,160,124,52,71,63
1570731670.220188,36,40,122,160,98,46,53,56
1570731670.2213776,35,40,122,166,85,44,44,44
1570731670.2226803,36,40,131,174,73,41,37,43
1570731670.2907474,34,45,115,197,61,39,33,44
1570731670.2920415,32,46,107,195,60,38,40,49
1570731670.2935512,35,45,94,189,65,39,39,51
1570731670.360243,41,44,79,187,78,42,37,46
1570731670.3614104,45,43,88,180,82,41,37,46
1570731670.362661,45,42,101,141,87,45,37,38
1570731670.430728,45,43,107,139,117,52,40,28
1570731670.432007,38,42,115,141,106,49,40,30
1570731670.4335585,34,40,107,146,111,51,43,30
1570731670.500326,33,40,95,142,122,53,44,35
1570731670.5014498,30,40,114,181,95,44,39,38
1570731670.5027,30,40,108,171,94,44,39,40
1570731670.5708263,35,38,91,156,80,40,33,47
1570731670.5720387,38,39,91,160,65,39,33,46
1570731670.5735857,40,39,77,119,59,37,29,46
1570731670.6403441,38,36,80,144,63,37,27,42
1570731670.641457,36,36,84,149,67,39,28,43
1570731670.6426895,34,36,96,146,72,41,32,34
1570731670.7108397,27,32,82,143,71,40,28,28
1570731670.7120862,30,35,86,131,71,40,32,32
1570731670.7135723,31,36,86,146,82,41,31,30
1570731670.7801294,32,39,71,157,82,38,28,31
1570731670.7819805,32,38,79,191,73,39,30,28
1570731670.7833338,38,42,82,193,73,37,32,32
1570731670.8506856,49,39,84,169,70,39,31,38
1570731670.8520381,47,41,101,212,74,42,31,40
1570731670.853547,47,42,108,241,89,44,32,41
1570731670.9202714,45,38,131,258,118,49,31,42
1570731670.9214656,35,39,126,258,124,57,32,39
1570731670.9227324,32,43,123,252,115,54,32,37
1570731670.990366,33,40,115,216,115,51,31,32
1570731670.9914658,35,40,112,195,106,48,28,32
1570731670.99358,34,41,96,173,76,41,26,30
1570731671.060173,30,38,97,177,64,31,28,37
1570731671.0613914,29,36,96,209,60,31,34,40
1570731671.0626504,26,35,89,178,63,29,35,40
1570731671.13018,27,35,75,180,60,32,36,41
1570731671.1313784,26,35,74,183,60,35,36,38
1570731671.132652,26,32,76,180,61,34,34,33
1570731671.20029,29,36,71,134,59,35,30,32
1570731671.2014017,29,42,79,132,58,33,29,30
1570731671.2026541,31,43,84,121,56,30,28,28
1570731671.2703094,30,47,76,130,64,34,29,27
1570731671.2713947,30,45,81,122,65,38,28,25
1570731671.27262,30,47,85,108,71,40,28,24
1570731671.3402426,27,41,86,120,80,41,31,28
1570731671.3413908,29,37,97,117,88,40,33,28
1570731671.3426852,30,38,95,146,83,41,32,27
1570731671.4101796,29,38,98,154,80,38,30,31
1570731671.4807417,33,40,87,159,83,39,31,29
1570731671.4820316,36,38,111,145,77,39,26,27
1570731671.4834862,36,41,129,142,63,31,29,45
1570731671.5502543,39,42,134,152,73,32,39,80
1570731671.5513725,38,44,138,162,73,35,38,75
1570731671.5526595,40,42,132,143,69,36,40,74
1570731671.6202116,34,41,123,144,75,40,38,38
1570731671.6213846,34,40,135,135,54,39,34,34
1570731671.6225708,34,37,123,120,63,37,36,33
1570731671.690328,28,43,118,151,63,36,34,32
1570731671.6913922,26,41,114,158,59,34,38,30
1570731671.6926363,29,40,109,157,56,32,35,28
1570731671.7602887,31,38,99,207,61,35,39,32
1570731671.7613785,32,30,92,183,64,34,35,30
1570731671.7626443,34,37,93,170,65,36,33,31
1570731671.8301365,28,40,76,166,68,35,33,33
1570731671.831292,28,42,74,154,74,33,32,34
1570731671.8326354,27,42,60,150,70,32,27,30
1570731671.9002836,24,37,55,159,69,32,27,25
1570731671.9014153,25,36,62,161,74,36,26,23
1570731671.9027028,25,36,59,156,60,37,25,22
1570731671.9703794,26,36,58,138,69,40,27,24
1570731671.9720438,28,37,71,133,72,44,28,24
1570731671.9735339,27,41,73,130,73,45,27,27
1570731672.0408022,28,41,74,153,85,43,31,29
1570731672.0420675,26,40,75,140,79,40,30,29
1570731672.043561,26,39,64,144,81,38,31,31
1570731672.1103709,28,35,63,153,86,35,32,29
1570731672.111466,27,32,67,144,72,37,30,27
1570731672.1126974,29,39,67,123,69,34,30,26
1570731672.1807582,30,39,70,117,80,37,33,26
1570731672.1820605,30,36,70,107,74,37,35,28
1570731672.1835668,30,40,64,152,74,34,34,29
1570731672.2503202,27,34,69,153,72,34,32,29
1570731672.2514281,25,35,76,156,67,35,33,29
1570731672.2527025,30,36,82,181,52,32,29,33
1570731672.3207629,32,39,151,159,43,29,41,55
1570731672.3220708,35,43,170,159,44,34,51,67
1570731672.3235729,35,48,172,177,42,36,50,69
1570731672.3900409,33,48,185,167,46,38,54,69
1570731672.3912103,36,47,160,174,48,41,56,71
1570731672.392498,35,48,138,151,47,42,46,54
1570731672.4607604,32,41,105,140,48,37,34,36
1570731672.4620478,35,39,81,126,41,32,28,29
1570731672.4635394,34,37,83,116,38,30,23,26
1570731672.5303564,33,36,88,132,36,29,24,28
1570731672.5314379,33,37,92,157,36,29,25,30
1570731672.5327067,32,32,92,155,35,27,24,29
1570731672.6007924,25,36,93,162,37,29,21,29
1570731672.602072,29,36,83,149,39,29,23,27
1570731672.6035893,32,35,83,122,41,29,24,30
1570731672.6724439,31,37,80,121,40,30,26,28
1570731672.6728888,31,36,72,125,44,31,24,28
1570731672.6741629,31,36,63,109,41,31,24,26
1570731672.810452,27,42,66,97,37,34,21,28
1570731672.8807812,28,42,75,114,37,30,23,32
1570731672.8820393,29,42,74,104,33,30,37,32
1570731672.8827271,28,43,86,132,32,28,38,34
1570731672.9503362,24,35,76,175,38,27,27,33
1570731672.9514194,27,34,76,156,34,28,27,33
1570731672.9526966,28,35,99,162,34,27,25,34
1570731673.0207822,27,34,126,173,34,28,24,33
1570731673.022043,28,33,127,163,39,28,26,33
1570731673.0235548,27,37,126,149,43,28,26,29
1570731673.09018,26,36,120,197,42,27,28,28
1570731673.0913193,26,42,85,180,44,29,30,30
1570731673.0926604,28,42,100,174,43,30,30,30
1570731673.1607556,31,39,131,207,46,32,29,30
1570731673.1620562,31,38,120,166,46,31,26,28
1570731673.1635034,32,34,119,152,43,32,24,26
1570731673.230061,32,34,105,149,45,33,26,26
1570731673.2312832,30,34,91,118,38,32,23,27
1570731673.2326057,28,34,64,144,33,32,24,28
1570731673.3007667,30,35,63,153,35,32,25,29
1570731673.3020306,31,34,70,161,40,29,23,27
1570731673.3035586,30,33,69,160,42,28,25,24
1570731673.3699977,35,34,71,126,44,29,23,24
1570731673.4409347,34,38,92,100,44,28,21,23
1570731673.442063,33,40,97,93,44,27,21,21
1570731673.4440274,33,41,98,100,40,30,19,27
1570731673.5104136,28,37,95,122,38,32,23,29
1570731673.5114422,26,40,86,106,37,32,22,27
1570731673.512704,27,39,85,108,34,34,24,29
1570731673.5807076,26,41,93,100,34,31,23,28
1570731673.5819767,28,37,84,104,39,26,22,25
1570731673.5835543,29,36,85,105,37,27,22,26
1570731673.650396,28,36,88,112,39,23,21,21
1570731673.6514492,29,32,75,118,41,25,19,23
1570731673.6526687,30,33,71,124,46,26,19,23
1570731673.7207766,27,33,96,110,43,29,23,24
1570731673.7220523,30,32,94,108,46,31,22,24
1570731673.7235587,28,30,93,109,51,31,24,24
1570731673.7903721,26,32,93,102,47,30,24,23
1570731673.7914326,25,31,84,106,50,32,25,24
1570731673.7926896,25,34,79,109,49,32,23,26
1570731673.8607736,26,43,94,113,47,36,23,26
1570731673.8620703,25,42,95,123,45,37,21,26
1570731673.8635988,25,43,98,124,41,34,21,25
1570731673.9303565,26,40,87,117,39,35,24,23
1570731673.931483,28,38,83,115,29,34,23,24
1570731673.9327874,24,34,68,113,30,34,23,25
1570731674.0008,22,36,62,109,39,34,24,24
1570731674.002148,22,39,64,112,39,32,23,25
1570731674.0036178,22,39,82,123,43,31,23,26
1570731674.0700943,28,37,86,124,43,29,26,27
1570731674.071293,28,35,84,113,42,30,27,27
1570731674.0725305,31,37,80,114,39,27,28,27
1570731674.1407957,30,35,72,119,38,30,27,26
1570731674.1420546,26,36,68,116,37,30,23,22
1570731674.143569,28,38,81,134,39,33,24,26
1570731674.210387,26,37,82,132,37,35,22,25
1570731674.2114775,29,39,83,121,37,36,21,26
1570731674.2126932,28,38,78,120,37,34,23,26
1570731674.2807665,31,36,68,99,34,31,26,27
1570731674.282016,34,35,65,101,37,29,28,28
1570731674.2835555,34,30,62,111,35,26,29,28
1570731674.350348,33,29,64,103,37,26,28,27
1570731674.3514316,34,36,64,117,41,29,25,25
1570731674.3526807,32,35,62,113,41,28,24,26
1570731674.421636,31,34,64,99,43,28,22,23
1570731674.422791,30,35,50,93,41,30,22,23
1570731674.4242342,29,28,53,87,41,26,23,23
1570731674.4903886,28,32,52,88,39,27,23,22
1570731674.491426,25,33,54,83,34,28,22,22
1570731674.492682,25,33,51,96,35,32,22,23
1570731674.5607252,26,38,51,94,34,30,25,29
1570731674.562049,26,39,53,96,35,33,25,26
1570731674.5635781,29,39,59,109,35,31,26,28
1570731674.6300757,32,40,62,97,38,29,27,30
1570731674.631298,30,39,68,102,40,32,24,30
1570731674.6326232,33,35,66,95,42,33,25,25
1570731674.700323,33,33,67,99,44,29,26,29
1570731674.701431,29,33,64,85,43,30,26,28
1570731674.7026975,29,31,62,86,45,31,23,26
1570731674.7703688,30,34,49,87,47,29,22,25
1570731674.771455,31,34,49,82,47,28,21,22
1570731674.7726796,33,33,45,83,46,29,22,23
1570731674.8403213,29,34,46,111,44,27,21,22
1570731674.8414702,29,34,59,115,47,26,21,22
1570731674.842667,25,33,64,116,46,28,22,23
1570731674.910371,25,32,63,124,47,29,21,23
1570731674.9114895,27,36,65,109,44,29,22,23
1570731674.9127433,27,36,56,100,40,32,23,23
1570731674.9803085,30,36,55,104,38,33,23,23
1570731674.981476,29,36,67,134,38,33,25,23
1570731674.9827354,28,38,68,127,38,31,23,24
1570731675.0503423,26,40,71,122,35,27,23,27
1570731675.0514872,24,40,71,124,34,23,24,27
1570731675.052737,24,40,60,93,33,26,24,24
1570731675.1203468,27,41,54,86,33,27,25,24
1570731675.1214857,26,36,50,95,34,27,24,21
1570731675.1227438,27,32,43,113,36,31,23,20
1570731675.1903346,28,33,38,97,39,32,20,22
1570731675.191464,27,29,43,97,36,32,20,22
1570731675.1926868,27,33,43,92,41,33,22,24
1570731675.2603157,29,34,48,96,38,31,21,23
1570731675.261523,30,36,48,96,39,31,22,22
1570731675.2627761,31,37,53,110,39,29,23,24
1570731675.3303764,30,36,70,128,38,28,25,23
1570731675.3314505,28,38,76,111,40,27,27,22
1570731675.3327196,27,39,80,126,39,26,26,23
1570731675.4009595,27,37,77,112,35,26,26,26
1570731675.4021976,27,36,71,98,34,25,24,26
1570731675.4033616,26,37,73,102,34,26,24,25
1570731675.4703772,26,33,67,78,39,27,23,24
1570731675.4714673,28,33,70,78,39,25,23,21
1570731675.4727292,28,35,68,85,39,25,24,20
1570731675.5403557,27,36,68,82,39,25,22,21
1570731675.5414827,27,36,65,83,35,25,25,21
1570731675.5427008,28,39,64,82,33,24,25,21
1570731675.6103945,28,43,66,82,36,28,24,24
1570731675.6114964,30,42,62,78,36,29,25,23
1570731675.612778,30,40,59,81,37,28,23,23
1570731675.6803482,29,38,62,85,42,30,23,24
1570731675.681437,28,34,57,73,40,27,25,24
1570731675.6827168,27,35,52,73,38,29,24,23
1570731675.7508752,28,39,52,69,37,28,20,23
1570731675.7520874,31,36,50,67,32,27,22,23
1570731675.7534573,31,37,52,76,31,27,18,20
1570731675.8203657,29,34,51,74,34,25,17,21
1570731675.8214252,32,33,50,69,34,28,18,22
1570731675.8226888,32,33,49,74,35,29,20,20
1570731675.890359,32,36,63,71,37,27,26,20
1570731675.8914177,33,37,63,82,32,27,27,19
1570731675.8926692,29,39,67,92,34,25,26,19
1570731675.960365,31,34,65,91,33,26,28,21
1570731675.9614546,32,34,61,93,33,29,28,20
1570731675.9627004,30,33,50,94,31,29,24,22
1570731676.0303557,27,35,47,92,35,29,26,22
1570731676.0314872,26,36,49,102,36,28,25,23
1570731676.1001525,23,32,52,106,38,30,25,25
1570731676.100536,22,39,53,100,36,30,27,24
1570731676.101405,26,37,54,89,31,28,29,27
1570731676.1027808,26,34,50,90,38,30,27,26
1570731676.1706047,27,40,55,87,36,28,24,22
1570731676.1714232,27,36,55,88,38,29,23,20
1570731676.1727352,24,38,57,86,40,32,21,18
1570731676.2403402,26,37,60,88,35,33,21,20
1570731676.2414756,24,34,60,108,36,31,20,23
1570731676.242742,22,34,59,108,36,31,21,25
1570731676.3104448,26,30,62,124,36,28,23,30
1570731676.380786,23,34,70,131,33,28,24,29
1570731676.3821602,26,41,68,102,34,30,24,28
1570731676.3834224,27,42,63,115,34,31,25,26
1570731676.450267,26,37,50,104,41,28,27,23
1570731676.4514062,25,35,56,98,39,27,27,25
1570731676.4527109,25,41,60,98,40,28,27,28
1570731676.5200984,24,41,73,100,36,28,26,29
1570731676.5213578,26,42,66,108,37,25,27,29
1570731676.522674,24,43,66,102,37,23,28,30
1570731676.5903997,29,38,66,103,38,24,25,26
1570731676.5914693,32,38,53,111,39,23,24,27
1570731676.5927486,31,35,74,102,37,24,22,25
1570731676.6603615,34,32,75,108,34,28,24,27
1570731676.6615005,32,30,71,102,40,27,24,28
1570731676.662781,35,32,71,96,39,28,26,27
1570731676.7301812,34,36,51,113,38,26,25,28
1570731676.73138,29,39,50,106,38,28,20,26
1570731676.732714,27,42,54,117,32,31,20,26
1570731676.8003702,28,43,60,131,33,30,18,29
1570731676.8014815,27,42,61,114,30,33,21,28
1570731676.8027098,27,39,66,119,31,35,23,28
1570731676.8704088,30,41,74,128,36,33,27,28
1570731676.871515,31,40,70,112,36,34,27,26
1570731676.8727543,31,41,75,113,39,32,25,24
1570731676.9403586,34,42,71,105,36,31,24,25
1570731676.9414766,33,39,69,103,34,32,23,26
1570731676.9427447,32,39,67,81,33,30,21,25
1570731677.0107942,30,36,57,80,32,31,22,25
1570731677.0121026,26,33,63,86,34,31,21,23
1570731677.013626,26,34,52,80,30,28,23,19
1570731677.080854,28,32,61,93,31,28,27,23
1570731677.0821612,27,31,66,98,31,27,26,24
1570731677.083626,29,31,70,93,28,25,26,23
1570731677.1507175,30,36,66,91,35,29,26,24
1570731677.152114,28,37,62,80,38,31,21,19
1570731677.1536274,29,37,71,78,38,31,21,20
1570731677.220794,29,36,74,83,38,30,23,21
1570731677.2221713,29,28,79,96,37,29,23,21
1570731677.2236235,26,33,79,96,32,28,23,24
1570731677.2908022,25,34,76,88,34,28,26,24
1570731677.2921124,26,37,76,84,35,27,23,28
1570731677.2936215,26,36,72,64,38,28,26,27
1570731677.3608515,26,34,72,74,39,26,25,28
1570731677.3621535,26,32,63,72,43,26,25,26
1570731677.363622,26,31,59,71,42,26,26,27
1570731677.4307728,29,32,45,80,44,30,25,23
1570731677.4321182,29,33,50,70,46,31,25,21
1570731677.4336128,31,37,50,70,42,34,23,21
1570731677.5008543,33,38,55,71,41,33,22,21
1570731677.502208,30,36,56,75,39,32,24,21
1570731677.503664,29,39,61,76,35,29,22,21
1570731677.57082,28,36,70,89,35,27,27,23
1570731677.5721216,26,37,77,108,33,32,27,24
1570731677.573626,26,37,82,106,33,29,27,28
1570731677.6416702,28,37,83,106,33,30,27,28
1570731677.6428182,26,38,84,111,34,28,25,26
1570731677.644262,26,37,93,124,35,28,21,27
1570731677.7125387,27,34,80,119,36,27,20,24
1570731677.713853,25,31,78,118,35,29,22,22
1570731677.7142246,27,29,67,109,35,31,21,23
1570731677.8504093,27,34,50,86,34,30,24,22
1570731677.9901752,26,33,47,70,33,30,25,22
1570731678.0608613,25,34,49,74,33,29,25,26
1570731678.0644855,30,34,70,111,36,29,28,29
1570731678.1307304,24,39,74,100,46,28,24,25
1570731678.1320229,28,38,81,107,44,26,24,25
1570731678.133563,29,37,75,100,44,28,24,24
1570731678.2008338,29,36,71,87,41,30,24,26
1570731678.20215,30,34,70,91,35,29,25,24
1570731678.203639,30,33,67,94,37,29,27,26
1570731678.2708247,28,33,64,102,45,26,23,27
1570731678.2720551,29,32,69,115,47,26,23,23
1570731678.2736387,29,31,71,110,46,25,24,23
1570731678.3408341,31,34,70,111,46,26,21,26
1570731678.3422108,29,34,60,109,41,27,23,28
1570731678.3436437,29,36,67,91,41,27,24,28
1570731678.410776,25,38,68,93,36,25,23,30
1570731678.4119215,25,36,68,81,38,23,24,27
1570731678.4134586,28,35,65,84,37,24,24,26
1570731678.4806411,29,32,61,101,35,27,22,26
1570731678.4821491,31,33,60,106,35,27,24,24
1570731678.4835374,30,32,54,90,35,28,25,24
1570731678.5500183,29,35,59,120,33,30,26,25
1570731678.551319,28,35,61,117,34,32,25,25
1570731678.5526788,26,37,57,109,34,29,26,23
1570731678.6207755,26,40,54,111,33,33,23,23
1570731678.6220353,25,38,53,91,33,33,22,23
1570731678.6235418,20,37,55,91,34,32,24,21
1570731678.6903949,21,38,56,87,32,33,24,23
1570731678.6914742,20,36,54,83,33,33,26,22
1570731678.692795,22,41,55,96,35,34,26,23
1570731678.7608697,25,42,62,95,34,32,25,21
1570731678.7621858,27,40,64,95,35,33,24,22
1570731678.7635207,27,39,64,97,34,34,22,22
1570731678.8300269,26,34,63,83,32,31,23,22
1570731678.831372,25,40,58,75,31,32,22,21
1570731678.8327112,30,39,47,75,32,31,23,22
1570731678.9006486,29,42,46,85,32,28,25,21
1570731678.9020207,29,40,47,87,33,30,24,24
1570731678.9037228,29,33,54,88,33,27,23,27
1570731678.9701502,23,34,57,86,32,26,24,26
1570731678.9712949,25,35,53,87,33,25,26,25
1570731678.9726932,28,35,57,79,33,25,24,25
1570731679.040622,29,38,49,75,36,24,23,20
1570731679.0419705,29,39,46,76,35,25,23,20
1570731679.0434678,31,35,46,81,36,28,22,20
1570731679.1103723,28,36,56,111,37,29,23,24
1570731679.1114728,28,37,62,111,34,29,25,24
1570731679.112935,29,41,64,117,34,26,27,24
1570731679.1808302,26,43,72,118,33,24,27,26
1570731679.182159,26,42,62,83,32,23,26,23
1570731679.1836324,24,35,55,82,33,25,24,22
1570731679.25015,24,32,50,74,33,27,24,23
1570731679.2512667,24,30,47,73,33,26,25,22
1570731679.2527351,24,28,43,69,35,27,24,20
1570731679.319998,26,29,47,71,39,32,23,21
1570731679.3213747,26,28,55,99,38,33,23,23
1570731679.3226752,30,31,52,94,36,33,22,23
1570731679.390074,30,35,52,100,35,36,22,24
1570731679.3912904,28,35,48,106,30,35,25,24
1570731679.3926876,27,37,46,112,31,35,26,26
1570731679.4599218,24,38,36,94,37,36,24,24
1570731679.4611948,24,35,47,95,38,32,24,27
1570731679.4625287,24,36,49,116,38,34,23,29
1570731679.529928,26,38,62,112,37,31,26,28
1570731679.5312486,26,39,63,120,37,32,26,31
1570731679.532528,27,37,64,119,33,29,26,31
1570731679.5999568,27,37,59,103,41,28,25,26
1570731679.6012073,25,33,54,111,46,28,23,25
1570731679.6025517,24,31,57,106,45,29,24,21
1570731679.6702502,25,32,59,108,44,30,23,23
1570731679.6714315,25,32,58,94,45,29,23,24
1570731679.6727145,24,32,54,91,42,27,21,24
1570731679.740261,25,34,42,71,37,29,21,26
1570731679.7415314,25,34,42,84,39,28,23,25
1570731679.7427785,29,34,49,88,32,29,24,27
1570731679.8104093,31,37,51,96,33,30,26,25
1570731679.8115063,32,38,56,103,33,29,24,26
1570731679.812787,34,38,56,101,35,29,24,26
1570731679.880127,29,41,65,96,34,28,24,22
1570731679.8813558,27,39,72,97,33,28,23,23
1570731679.8826852,26,40,68,90,33,26,22,21
1570731679.9501243,24,42,69,89,30,25,23,20
1570731679.951401,25,40,63,82,33,26,21,20
1570731679.952832,24,42,56,75,32,25,20,20
1570731680.020093,23,39,50,62,29,28,22,19
1570731680.0212934,25,36,61,66,32,31,26,21
1570731680.0227325,28,34,81,88,29,30,26,22
1570731680.0901916,28,31,81,110,31,29,27,22
1570731680.091347,28,32,80,118,32,28,28,22
1570731680.0927472,29,34,78,120,31,32,30,25
1570731680.1603842,25,37,57,127,32,30,26,27
1570731680.1614811,28,40,56,107,30,31,26,27
1570731680.1627934,30,40,55,103,30,29,27,26
1570731680.2304344,31,37,56,102,33,25,24,25
1570731680.2315032,31,37,65,86,29,28,25,27
1570731680.2328093,32,38,66,81,28,26,25,23
1570731680.300194,28,36,69,87,30,31,21,26
1570731680.3013542,28,35,68,83,32,31,21,25
1570731680.302776,29,32,55,77,32,29,24,24
1570731680.3702056,27,32,57,75,35,31,26,24
1570731680.3713362,30,31,61,84,34,30,26,22
1570731680.3727605,29,31,61,76,34,30,27,21
1570731680.4400144,27,36,58,77,34,33,23,24
1570731680.441251,30,35,50,75,32,29,18,23
1570731680.4425766,31,34,43,90,33,29,19,24
1570731680.5099776,34,34,41,90,35,28,20,24
1570731680.51129,34,33,43,98,34,31,21,24
1570731680.5126276,35,32,49,106,34,33,25,28
1570731680.5801184,31,33,58,109,40,33,27,32
1570731680.5813067,26,35,60,110,41,33,26,33
1570731680.5827482,25,37,61,113,40,28,28,33
1570731680.650061,22,38,68,117,39,26,27,30
1570731680.6513999,20,39,66,115,38,27,25,27
1570731680.6527274,20,39,62,101,32,26,25,25
1570731680.7203057,21,35,57,92,30,25,25,24
1570731680.7214804,23,35,51,74,30,25,22,23
1570731680.722801,26,35,49,75,31,26,24,22
1570731680.7903073,29,35,54,83,30,25,24,22
1570731680.791477,28,37,56,85,33,27,22,22
1570731680.7927983,27,37,61,92,29,27,21,23
1570731680.860377,26,33,61,103,35,27,23,23
1570731680.8614998,23,33,60,99,37,29,25,22
1570731680.8627946,25,32,55,95,35,27,25,23
1570731680.930211,26,33,50,92,36,28,25,20
1570731680.9313908,25,39,55,86,34,30,25,22
1570731680.9327524,25,37,52,91,32,32,23,23
1570731681.0001917,27,39,56,89,32,33,22,23
1570731681.0014162,29,37,58,88,34,33,23,23
1570731681.0027812,31,33,55,92,36,30,25,20
1570731681.0699797,31,34,56,86,38,28,25,21
1570731681.0711563,27,37,60,89,36,30,26,21
1570731681.0726144,32,34,57,90,41,28,27,22
1570731681.140129,28,36,63,85,37,29,26,22
1570731681.1412098,29,34,62,90,40,27,26,20
1570731681.1425526,30,34,59,85,38,25,25,19
1570731681.2101295,27,37,56,79,35,27,24,20
1570731681.2114148,28,38,60,79,34,29,23,19
1570731681.2128015,27,38,54,84,38,28,23,19
1570731681.2800348,25,36,58,97,36,34,20,20
1570731681.281364,28,33,62,103,37,32,19,23
1570731681.2827384,28,34,71,122,37,30,24,27
1570731681.3501983,28,33,76,113,36,30,23,27
1570731681.3514125,28,34,77,119,33,29,24,29
1570731681.352754,33,35,78,139,35,26,26,28
1570731681.420183,29,34,70,132,36,32,23,22
1570731681.4214196,30,33,66,136,33,33,24,22
1570731681.4227562,30,35,63,130,35,34,24,20
1570731681.4902453,25,36,60,107,33,32,23,21
1570731681.4914203,27,39,55,92,35,31,21,20
1570731681.49275,29,39,52,112,36,27,21,21
1570731681.5604253,30,39,45,113,37,26,22,25
1570731681.561535,30,36,41,114,40,28,21,23
1570731681.5628326,33,34,46,117,42,31,22,24
1570731681.6304026,32,36,50,111,45,33,21,24
1570731681.6315475,33,36,54,111,45,34,21,24
1570731681.6328242,31,38,50,105,41,34,21,21
1570731681.7009041,24,37,48,104,35,30,21,21
1570731681.7022564,23,36,43,98,33,31,23,20
1570731681.7037592,22,36,38,90,31,30,23,21
1570731681.770595,23,37,44,104,33,30,22,25
1570731681.8408368,24,37,46,106,33,30,23,26
1570731681.842204,26,37,54,112,32,30,23,25
1570731681.9101744,28,39,60,83,31,29,21,24
1570731681.911407,26,39,58,87,29,28,21,22
1570731681.9127798,28,39,57,92,30,27,22,21
1570731681.9807444,30,34,45,94,29,28,21,19
1570731681.9820359,29,35,41,101,32,28,23,20
1570731681.9835434,32,34,53,100,31,28,22,21
1570731682.05003,29,35,53,95,32,28,22,22
1570731682.0513265,31,36,56,110,35,25,22,23
1570731682.0535111,31,35,54,102,35,26,23,23
1570731682.1199574,32,36,62,98,35,28,24,23
1570731682.1212258,29,36,58,101,34,27,24,25
1570731682.1225955,29,39,60,123,37,25,25,26
1570731682.1907907,24,40,65,105,35,27,25,26
1570731682.1920505,21,40,61,116,37,27,23,26
1570731682.1935284,21,40,59,112,37,27,23,26
1570731682.2601182,24,39,58,94,38,27,24,26
1570731682.2613442,25,38,59,102,36,26,24,27
1570731682.2627735,28,37,61,111,38,28,23,25
1570731682.330774,30,40,58,103,42,30,25,25
1570731682.3320673,28,40,60,104,39,31,22,23
1570731682.3335795,28,37,54,99,41,31,23,21
1570731682.4002128,26,40,54,89,39,30,23,25
1570731682.4014316,30,33,64,93,36,28,22,24
1570731682.4028087,28,31,67,96,34,31,23,24
1570731682.4707792,32,33,63,87,31,30,20,28
1570731682.4720552,32,31,63,99,31,31,22,27
1570731682.4735975,30,37,57,99,34,31,24,26
1570731682.5401995,27,39,57,95,33,28,25,27
1570731682.5413797,28,40,61,112,34,30,26,25
1570731682.5428085,26,39,66,120,35,28,28,25
1570731682.610719,28,33,56,114,33,29,24,24
1570731682.6119118,30,36,50,111,38,31,22,24
1570731682.6134238,29,35,49,100,39,28,22,24
1570731682.6799157,30,36,51,105,41,29,21,19
1570731682.6812763,28,36,49,99,40,28,22,18
1570731682.6825638,29,36,52,98,39,30,22,21
1570731682.7523506,27,30,48,91,35,31,22,19
1570731682.7526798,26,29,47,72,34,31,24,21
1570731682.7537959,27,30,51,67,36,30,24,23
1570731682.8903654,25,32,57,67,35,27,24,23
1570731683.0304372,25,34,59,70,33,27,23,23
1570731683.0315754,24,33,60,76,36,27,23,24
1570731683.0327666,27,36,61,76,25,27,23,25
1570731683.100322,32,38,49,90,40,31,22,21
1570731683.1015642,30,36,55,94,40,31,21,21
1570731683.1027336,30,35,55,95,39,32,23,22
1570731683.1708686,26,34,54,96,36,34,24,24
1570731683.1719856,26,34,57,96,33,33,25,24
1570731683.1734908,24,36,54,96,35,33,25,24
1570731683.2399528,27,39,59,100,34,31,23,24
1570731683.2412755,29,37,58,89,33,28,21,25
1570731683.242644,31,38,58,81,34,29,20,26
1570731683.310769,31,34,62,91,30,29,21,27
1570731683.3119638,29,33,57,86,34,30,21,30
1570731683.3134725,26,32,59,84,36,31,22,27
1570731683.380163,23,27,62,95,36,29,22,25
1570731683.3812995,24,24,64,115,37,31,23,22
1570731683.3826747,24,26,67,126,39,30,25,25
1570731683.450708,26,30,66,124,34,27,25,22
1570731683.4519498,26,29,61,145,34,30,25,24
1570731683.4534917,23,30,49,130,32,27,27,26
1570731683.5201495,26,29,47,134,32,29,24,24
1570731683.5212977,27,30,46,134,35,30,24,25
1570731683.5226698,28,31,46,144,34,30,22,25
1570731683.5907168,27,36,45,115,33,28,17,24
1570731683.5919526,27,35,44,100,37,28,20,24
1570731683.593499,25,35,50,99,35,30,20,25
1570731683.6601672,24,36,55,90,33,30,23,23
1570731683.6613238,25,34,60,93,32,29,25,25
1570731683.6626806,27,35,60,98,33,29,24,26
1570731683.7307396,25,39,54,106,34,24,24,25
1570731683.7320824,24,41,49,102,36,29,21,25
1570731683.733514,24,40,38,99,35,28,22,23
1570731683.8000517,24,42,37,87,34,32,23,21
1570731683.8013175,27,42,45,86,35,31,23,22
1570731683.8027112,27,40,45,107,37,31,24,21
1570731683.8708618,29,36,55,112,39,31,23,21
1570731683.8720756,29,35,57,126,40,27,23,25
1570731683.8736467,26,31,55,118,37,30,24,25
1570731683.940127,27,32,56,102,34,31,25,26
1570731683.9413993,26,35,55,87,32,32,25,26
1570731683.9427774,26,36,54,107,33,31,26,25
1570731684.010739,25,39,61,108,36,30,25,25
1570731684.0120075,26,38,63,110,36,29,23,25
1570731684.0136335,30,36,59,111,38,27,25,25
1570731684.0801644,30,35,54,92,36,25,24,25
1570731684.0813575,31,34,46,84,34,24,24,25
1570731684.0827405,32,30,50,101,32,25,24,22
1570731684.1507325,31,33,54,120,31,27,23,22
1570731684.152061,32,31,62,132,32,28,23,21
1570731684.1535912,33,31,68,136,33,25,24,23
1570731684.220113,31,34,62,118,33,26,24,22
1570731684.2214606,31,35,61,100,35,26,24,22
1570731684.2227316,29,33,64,103,35,23,21,22
1570731684.2909184,30,34,51,93,40,28,22,22
1570731684.292205,29,33,52,100,43,28,21,22
1570731684.2936983,32,34,56,115,44,27,22,23
1570731684.360445,32,41,51,115,44,29,23,22
1570731684.361555,31,42,51,114,42,30,23,24
1570731684.3628209,27,45,59,115,39,29,24,23
1570731684.430922,21,43,67,123,34,30,26,24
1570731684.4321585,21,35,63,124,34,30,26,27
1570731684.43367,22,35,65,124,34,32,26,25
1570731684.5001504,23,29,57,121,33,30,24,24
1570731684.501395,26,28,50,98,34,29,23,25
1570731684.5028389,28,33,42,94,34,27,20,26
1570731684.5709686,29,36,41,88,34,26,18,25
1570731684.5721924,28,35,41,89,35,27,21,26
1570731684.573737,27,38,44,66,35,29,20,23
1570731684.6404698,25,37,52,78,33,29,21,24
1570731684.641619,29,39,59,81,32,28,22,24
1570731684.6429079,26,41,62,83,32,30,20,21
1570731684.7109065,26,41,63,94,32,30,21,22
1570731684.7120633,26,40,59,95,32,30,21,21
1570731684.71356,25,41,60,101,32,30,22,24
1570731684.7802253,26,39,57,116,32,31,23,25
1570731684.7814372,26,36,59,115,30,29,24,25
1570731684.7827845,29,37,64,128,32,32,26,25
1570731684.8508377,28,35,56,118,35,34,24,21
1570731684.8521369,27,35,54,106,34,30,24,22
1570731684.853585,27,35,48,105,34,31,21,22
1570731684.9200537,23,35,39,75,33,29,19,22
1570731684.9212663,25,36,48,80,33,30,19,22
1570731684.9227357,25,36,48,83,33,27,23,22
1570731684.9907532,25,37,53,93,36,26,24,20
1570731684.9921303,25,37,54,99,34,25,26,19
1570731684.9936361,24,33,45,94,32,26,26,21
1570731685.0602202,22,35,48,105,29,27,25,21
1570731685.0614674,25,35,51,107,28,25,24,22
1570731685.0628192,25,37,51,110,30,27,22,22
1570731685.1309557,27,39,50,128,33,26,26,22
1570731685.132177,30,39,56,126,34,25,25,25
1570731685.1336632,29,39,56,114,37,25,28,25
1570731685.2004702,32,36,57,110,35,26,28,26
1570731685.2015517,32,37,58,107,36,28,26,28
1570731685.2028618,31,35,61,107,35,26,26,27
1570731685.2709568,29,32,47,94,29,26,26,25
1570731685.2722056,26,32,47,99,29,27,25,24
1570731685.2737164,28,31,47,107,29,26,25,22
1570731685.3404639,30,33,45,98,34,27,21,23
1570731685.3415368,31,33,45,102,34,26,22,25
1570731685.3428779,31,33,46,103,35,28,20,23
1570731685.4109714,31,36,50,107,37,27,22,23
1570731685.4122107,29,36,50,104,34,26,24,23
1570731685.4137177,28,39,51,107,33,28,23,21
1570731685.4802933,27,39,51,108,34,27,25,23
1570731685.4815307,28,37,49,109,30,29,25,23
1570731685.4828815,27,38,48,93,29,27,26,24
1570731685.5509465,32,36,48,88,30,29,23,23
1570731685.5521743,33,35,49,96,32,26,22,23
1570731685.5537133,33,36,47,96,33,25,23,23
1570731685.6204364,31,38,49,124,35,28,22,23
1570731685.6215453,33,37,44,124,36,29,21,22
1570731685.622877,30,38,42,127,33,27,23,23
1570731685.6911237,30,37,52,119,34,28,24,23
1570731685.69222,31,35,49,99,38,28,23,23
1570731685.693659,29,36,50,103,38,29,25,21
1570731685.7604406,27,36,52,97,41,31,24,21
1570731685.7615423,26,33,49,97,38,30,26,20
1570731685.762872,27,32,52,116,40,32,22,17
1570731685.831615,28,32,51,98,33,27,20,20
1570731685.8329341,28,32,51,103,34,28,23,26
1570731685.8343844,27,36,52,103,35,27,21,26
1570731685.9003463,26,39,43,110,35,29,22,27
1570731685.9015138,27,37,51,133,34,28,23,29
1570731685.9029183,24,39,56,132,37,28,24,30
1570731685.9709957,26,36,58,146,37,27,23,27
1570731685.9722192,29,33,56,132,34,25,24,26
1570731685.9737225,30,35,53,117,35,28,24,26
1570731686.0404658,32,35,46,115,36,29,23,23
1570731686.041581,31,37,43,112,37,30,24,23
1570731686.0427897,33,38,44,119,36,30,22,22
1570731686.1104696,31,38,49,112,37,29,23,24
1570731686.1115744,29,34,45,108,37,28,23,21
1570731686.1129038,29,31,46,111,33,28,23,21
1570731686.180249,29,32,44,86,35,26,23,20
1570731686.1813328,26,31,46,109,33,29,22,18
1570731686.1828277,27,33,50,106,32,29,21,20
1570731686.250162,27,36,50,106,35,30,22,21
1570731686.2514257,28,35,62,117,35,29,23,21
1570731686.2527835,25,35,71,120,31,30,21,23
1570731686.3202,26,38,65,118,34,26,22,24
1570731686.3214285,25,37,66,116,31,23,22,23
1570731686.322838,25,37,56,104,34,25,22,22
1570731686.3901157,26,34,41,88,32,27,22,21
1570731686.3913543,30,37,42,76,36,28,23,22
1570731686.39274,32,35,47,66,36,27,22,21
1570731686.4600732,32,38,44,84,36,29,20,23
1570731686.4612737,33,38,43,84,36,29,22,24
1570731686.462735,29,39,43,89,33,28,20,25
1570731686.5300584,29,41,43,91,32,29,22,23
1570731686.531413,30,43,45,81,30,28,22,21
1570731686.5327997,30,44,52,96,33,31,23,21
1570731686.6000915,29,42,57,94,37,31,24,20
1570731686.6013918,26,43,54,95,36,31,24,22
1570731686.6028419,24,40,55,95,35,32,24,23
1570731686.6701815,24,39,53,92,32,28,24,27
1570731686.6714199,26,42,54,98,28,27,24,28
1570731686.672829,24,43,51,98,28,25,23,28
1570731686.7402265,23,42,49,120,30,24,23,28
1570731686.741423,23,40,48,121,31,26,23,23
1570731686.742784,22,37,43,111,32,26,21,22
1570731686.8100562,24,35,46,109,32,27,23,20
1570731686.8113775,25,36,45,94,30,28,21,20
1570731686.8127677,26,36,46,77,33,28,20,19
1570731686.8802512,32,37,54,100,33,25,20,21
1570731686.95067,31,37,60,107,34,27,21,22
1570731686.951953,35,36,59,105,36,28,22,25
1570731686.9534912,35,35,60,109,33,29,22,24
1570731687.0201445,30,40,53,95,29,29,23,21
1570731687.0213337,30,40,55,93,32,27,25,23
1570731687.022699,29,41,54,87,35,32,25,24
1570731687.0902321,28,38,52,83,34,32,27,23
1570731687.0915468,26,37,51,70,33,32,25,24
1570731687.0929096,24,35,51,79,32,33,25,23
1570731687.1608558,25,32,57,104,28,29,23,24
1570731687.16203,27,32,57,110,31,32,21,24
1570731687.1636279,26,35,60,119,34,31,21,24
1570731687.230117,26,32,57,127,33,30,21,24
1570731687.231389,25,32,48,106,33,31,21,24
1570731687.2327611,26,33,49,112,34,30,21,23
1570731687.3008943,26,32,47,104,28,29,21,23
1570731687.3020658,27,36,47,103,31,29,20,26
1570731687.3036613,28,38,44,100,30,30,20,25
1570731687.3703523,25,40,43,88,33,33,21,25
1570731687.3714943,24,41,47,95,35,35,21,27
1570731687.3728285,21,41,44,91,36,35,21,29
1570731687.4408941,20,37,53,72,38,34,22,26
1570731687.442085,24,33,54,120,37,31,23,25
1570731687.443644,25,36,51,118,37,31,21,22
1570731687.5103378,25,38,50,121,38,30,24,19
1570731687.5115187,24,38,46,126,39,31,24,19
1570731687.5128922,24,36,41,129,37,28,22,19
1570731687.580953,21,32,41,112,40,25,24,20
1570731687.5819788,24,34,38,112,40,28,22,20
1570731687.5835142,28,35,39,111,37,27,23,20
1570731687.650115,28,36,38,112,37,28,23,24
1570731687.6512976,29,35,35,109,38,28,23,23
1570731687.6528132,29,35,36,97,34,29,24,24
1570731687.720701,24,34,41,116,35,32,25,23
1570731687.7219834,27,38,42,110,34,31,27,21
1570731687.7236557,25,40,52,98,30,35,26,22
1570731687.7924771,26,45,53,111,27,33,29,22
1570731687.8606954,26,43,52,108,27,33,29,27
1570731688.0008256,28,43,54,92,29,30,30,27
1570731688.0028567,25,33,52,115,36,30,29,28
1570731688.0034547,26,28,53,119,38,29,22,26
1570731688.07017,31,32,63,152,29,30,22,28
1570731688.0714452,32,31,62,140,30,29,23,28
1570731688.0728266,29,31,61,142,33,27,24,28
1570731688.141427,26,35,58,138,33,28,24,28
1570731688.1428335,26,36,63,102,34,29,25,26
1570731688.1443086,26,38,65,97,37,30,24,24
1570731688.210124,28,39,66,97,35,32,21,24
1570731688.2113974,29,35,64,100,34,31,23,26
1570731688.2128024,30,37,56,127,37,29,24,23
1570731688.2808073,30,36,51,122,37,28,23,25
1570731688.282152,31,34,56,123,37,26,24,26
1570731688.2836835,31,36,59,125,37,25,24,26
1570731688.3502398,30,34,58,103,38,24,21,29
1570731688.3514402,30,37,58,98,37,22,22,29
1570731688.3528545,29,39,53,99,38,22,22,30
1570731688.4207678,24,40,43,94,39,27,22,30
1570731688.4220243,27,42,44,96,36,27,25,32
1570731688.4235277,27,38,47,102,36,29,26,32
1570731688.4901602,26,36,46,101,33,30,27,31
1570731688.4913616,25,35,50,114,31,29,27,30
1570731688.4928606,29,36,54,109,33,30,25,28
1570731688.5608118,28,33,50,93,32,35,23,28
1570731688.5621686,29,34,51,94,33,38,24,31
1570731688.5636241,31,33,52,78,32,37,26,31
1570731688.7003484,30,31,46,91,31,36,25,31
1570731688.7015183,28,34,45,82,29,33,25,30
1570731688.7027352,28,34,45,91,30,28,24,25
1570731688.7701356,30,36,52,81,35,26,24,31
1570731688.771369,27,35,53,87,34,27,24,31
1570731688.772863,27,35,56,85,31,29,22,28
1570731688.84087,25,33,49,118,31,32,24,25
1570731688.8421557,25,32,57,127,32,34,23,27
1570731688.843654,23,31,54,132,32,33,24,26
1570731688.910212,26,30,55,136,32,31,26,27
1570731688.9114432,24,33,58,118,35,29,24,26
1570731688.9128418,23,36,60,115,33,30,25,28
1570731688.9814744,24,36,54,107,39,28,25,27
1570731688.982788,24,37,54,107,38,27,24,27
1570731688.9842098,24,34,50,110,38,29,21,25
1570731689.050145,28,33,48,101,39,28,22,23
1570731689.0513632,29,33,48,120,38,31,22,19
1570731689.0528612,28,33,54,113,35,32,21,17
1570731689.120889,28,36,50,107,34,32,22,21
1570731689.1228647,24,36,49,105,35,32,19,22
1570731689.1243148,25,34,49,79,34,31,22,23
1570731689.190161,25,34,43,80,36,31,21,24
1570731689.1913779,24,33,46,89,34,31,24,22
1570731689.1927917,24,34,46,93,34,30,24,22
1570731689.2608073,27,38,65,129,36,30,26,27
1570731689.2621775,29,37,63,136,35,29,27,31
1570731689.263584,29,38,67,131,34,27,26,31
1570731689.3301544,29,34,67,127,34,28,27,32
1570731689.331383,28,32,59,114,33,30,26,31
1570731689.3328502,30,31,51,87,30,27,24,29
1570731689.400837,29,34,59,85,30,29,23,24
1570731689.402025,29,35,59,98,32,30,21,23
1570731689.4036124,28,38,59,98,34,29,19,22
1570731689.4701517,25,38,59,99,34,28,20,22
1570731689.4715612,26,41,55,93,39,25,20,23
1570731689.4727643,24,39,52,108,39,30,19,21
1570731689.5407856,28,40,52,116,39,31,22,18
1570731689.542156,29,41,52,117,40,33,22,19
1570731689.5436442,28,41,47,122,37,34,21,21
1570731689.6102269,28,44,46,142,38,29,21,23
1570731689.6113658,26,41,40,139,38,30,20,23
1570731689.6127303,25,40,44,127,37,27,20,24
1570731689.6809165,26,36,57,120,35,27,23,23
1570731689.6821578,26,31,54,76,33,27,23,22
1570731689.6835766,24,31,54,72,30,30,23,22
1570731689.750228,24,31,51,72,29,31,24,25
1570731689.7514355,24,28,47,79,26,32,22,24
1570731689.7527657,23,32,45,80,26,31,23,24
1570731689.8208818,28,37,57,111,33,31,22,23
1570731689.8221166,29,38,58,126,33,29,20,18
1570731689.823527,28,44,56,126,34,30,23,22
1570731689.8902018,29,43,55,144,35,29,21,25
1570731689.8913984,29,43,56,128,33,29,22,27
1570731689.8926005,28,39,47,124,35,28,25,27
1570731689.9601786,28,40,49,124,37,29,27,27
1570731689.9614344,27,38,54,122,37,29,24,25
1570731689.962857,28,35,53,100,38,27,26,22
1570731690.0302112,28,39,69,129,38,27,22,25
1570731690.0314102,28,37,68,117,37,28,22,26
1570731690.0327728,30,34,67,118,39,28,22,28
1570731690.1002064,30,35,67,115,38,30,21,27
1570731690.1015153,29,33,62,81,39,31,23,22
1570731690.1028183,29,31,54,79,38,32,24,20
1570731690.1702657,29,33,50,84,38,31,24,19
1570731690.1714792,27,35,46,115,39,29,23,19
1570731690.1727831,27,36,40,115,37,28,20,20
1570731690.2404397,28,35,44,119,35,28,20,24
1570731690.2416172,30,37,44,117,34,26,21,26
1570731690.2427905,27,36,48,125,36,26,20,24
1570731690.3103838,27,33,52,106,33,25,21,25
1570731690.3115296,26,35,52,101,35,27,22,22
1570731690.312864,22,34,50,104,34,28,21,21
1570731690.380473,25,32,48,99,37,30,21,22
1570731690.3816273,24,34,50,97,38,30,21,21
1570731690.3828793,25,37,51,88,40,32,22,24
1570731690.4501867,24,39,54,88,43,33,23,24
1570731690.4514146,24,41,54,108,43,33,24,26
1570731690.452808,25,38,53,113,44,34,25,27
1570731690.5201643,24,35,52,110,42,32,25,25
1570731690.5214357,26,35,51,115,42,30,22,25
1570731690.5228612,26,31,46,116,37,29,21,26
1570731690.5902548,27,32,44,101,30,25,22,21
1570731690.5914993,26,32,42,104,31,27,20,21
1570731690.5928407,24,36,46,105,30,26,22,21
1570731690.6600323,26,38,47,100,32,29,23,21
1570731690.661337,27,40,50,107,30,31,23,22
1570731690.6627061,26,36,46,101,31,32,22,21
1570731690.7301896,27,35,49,92,33,32,24,23
1570731690.8008795,28,36,53,91,32,30,23,25
1570731690.802139,28,36,63,70,36,26,23,29
1570731690.8036761,27,41,76,85,38,27,25,33
1570731690.8702586,22,40,57,90,37,32,29,28
1570731690.8713818,23,36,41,86,34,31,28,25
1570731690.872705,28,34,37,93,33,32,28,26
1570731690.9403934,28,33,39,92,32,32,29,24
1570731690.9415596,28,33,44,94,33,32,26,23
1570731690.9428356,28,33,52,123,31,33,26,24
1570731691.0103483,25,37,53,128,32,35,26,18
1570731691.011577,28,38,52,134,31,33,23,20
1570731691.0128515,28,37,52,140,32,31,24,21
1570731691.0805368,29,36,49,141,31,32,23,23
1570731691.0816386,28,35,50,137,32,32,22,23
1570731691.0829263,28,35,57,124,32,25,24,24
1570731691.1501517,22,38,52,130,34,31,20,23
1570731691.1512926,23,40,58,117,35,28,22,24
1570731691.1526306,23,43,60,111,34,28,22,24
1570731691.2204676,22,40,55,119,33,28,19,23
1570731691.2215908,23,39,58,119,34,28,22,24
1570731691.2228472,25,35,57,111,32,23,22,24
1570731691.29045,23,27,45,104,32,25,21,21
1570731691.291583,23,29,43,97,32,29,21,21
1570731691.2928143,23,31,43,99,31,29,21,20
1570731691.3604681,23,32,45,101,31,28,21,19
1570731691.3616016,27,35,45,101,32,29,22,19
1570731691.362882,28,35,49,112,32,29,23,19
1570731691.4304912,29,35,49,113,38,26,23,20
1570731691.4315915,27,35,48,107,36,28,23,21
1570731691.432962,25,34,51,130,38,27,24,23
1570731691.5004387,21,35,49,120,39,27,26,29
1570731691.5016248,22,38,51,126,34,31,27,28
1570731691.5028372,21,38,54,111,35,29,29,31
1570731691.5702226,26,39,60,126,32,30,28,32
1570731691.5714045,27,39,59,127,31,32,25,28
1570731691.57278,28,37,58,135,31,29,24,27
1570731691.6402564,29,37,56,145,27,30,22,27
1570731691.641442,26,38,54,145,25,29,22,24
1570731691.6428216,24,37,52,112,31,28,21,24
1570731691.710234,27,35,51,129,33,26,25,24
1570731691.711442,28,32,49,132,38,24,24,24
1570731691.7128186,32,31,41,132,38,24,26,24
1570731691.780193,32,33,44,136,39,23,26,23
1570731691.781425,31,32,41,132,41,24,24,23
1570731691.7828004,31,32,45,108,43,24,24,23
1570731691.8502405,24,35,48,103,44,28,23,21
1570731691.851475,27,34,45,102,44,28,24,21
1570731691.8528166,24,36,44,92,42,28,24,23
1570731691.9204178,25,36,43,115,39,30,24,22
1570731691.921567,25,35,41,104,35,31,23,23
1570731691.922901,28,34,39,107,39,29,23,22
1570731691.9905238,28,31,42,128,34,29,24,21
1570731691.991607,28,33,42,118,35,31,21,20
1570731691.9929292,30,33,43,126,36,30,27,21
1570731692.0605404,31,32,44,124,30,30,26,20
1570731692.0616932,31,33,44,121,31,28,28,19
1570731692.0629306,30,35,41,104,35,31,26,19
1570731692.130541,27,31,44,85,40,26,24,19
1570731692.1316893,23,31,44,80,41,29,24,20
1570731692.132924,23,31,43,84,41,29,23,20
1570731692.2004695,25,32,49,100,39,28,24,19
1570731692.2023222,24,34,49,124,40,33,24,20
1570731692.203756,24,36,46,121,35,34,21,19
1570731692.2710536,26,38,53,131,37,34,24,25
1570731692.2723038,25,39,59,134,35,35,24,32
1570731692.2737486,25,38,66,119,34,32,26,35
1570731692.3410723,27,42,66,118,35,32,26,35
1570731692.3423455,26,40,63,118,34,32,25,35
1570731692.3437295,26,39,60,130,34,33,25,33
1570731692.4108503,24,37,39,108,34,32,22,27
1570731692.4122365,27,30,41,122,38,35,23,26
1570731692.4137352,27,33,42,117,36,34,24,25
1570731692.4807303,26,34,41,102,36,31,24,24
1570731692.482065,26,33,46,112,36,32,24,24
1570731692.48367,27,33,47,117,37,32,22,24
1570731692.550788,21,33,50,111,32,29,21,22
1570731692.5521786,20,32,51,103,31,29,20,22
1570731692.5536504,20,31,49,105,32,30,19,21
1570731692.6207705,22,34,49,105,34,26,23,20
1570731692.6220253,27,32,50,101,34,29,23,22
1570731692.6234963,27,31,50,98,35,28,23,21
1570731692.690875,28,34,54,120,37,28,26,23
1570731692.692162,29,32,53,120,34,31,23,24
1570731692.69365,25,36,52,115,34,30,25,24
1570731692.7610497,25,36,49,129,35,30,26,26
1570731692.762341,26,36,47,136,34,28,26,27
1570731692.7637815,28,39,41,122,31,30,27,28
1570731692.9010696,30,37,47,115,35,27,24,26
1570731693.0405157,31,35,53,111,36,28,22,25
1570731693.0416543,31,37,54,95,37,27,20,25
1570731693.0429175,22,33,36,106,39,27,20,22
1570731693.1109455,26,36,65,143,33,29,24,23
1570731693.1122878,25,36,48,128,32,29,25,25
1570731693.1138003,26,33,44,124,32,32,25,26
1570731693.1808133,26,36,40,125,35,33,26,25
1570731693.1822639,26,37,37,130,32,31,23,23
1570731693.1837099,25,38,42,106,33,30,23,23
1570731693.2507813,28,39,49,115,34,29,23,22
1570731693.2521527,27,36,50,105,32,30,22,23
1570731693.2536862,28,36,57,105,35,32,24,25
1570731693.3208182,29,35,51,90,34,32,21,26
1570731693.322215,27,32,52,101,33,32,24,25
1570731693.323715,28,31,52,92,34,32,26,26
1570731693.3908353,28,35,46,84,30,29,26,23
1570731693.3921409,25,35,55,126,32,33,27,23
1570731693.3937223,28,38,52,119,34,34,27,23
1570731693.4608264,25,39,56,116,33,33,26,24
1570731693.4622123,26,37,56,120,39,36,26,24
1570731693.4637144,26,31,53,130,42,35,24,24
1570731693.5310795,22,31,44,110,40,30,21,25
1570731693.5322864,24,31,40,126,39,28,21,24
1570731693.5338063,24,32,46,147,34,26,20,23
1570731693.6011512,24,35,46,139,29,25,20,25
1570731693.6023328,24,34,43,137,27,26,18,24
1570731693.603693,24,32,42,133,34,28,21,25
1570731693.6703634,23,32,41,128,33,29,21,23
1570731693.6715782,24,33,36,94,34,31,22,23
1570731693.672942,24,33,36,100,38,32,21,22
1570731693.7410743,24,31,40,108,36,29,21,23
1570731693.7423446,25,38,49,101,37,28,22,24
1570731693.7437525,26,41,53,104,38,27,24,27
1570731693.8105125,25,40,60,110,34,23,24,27
1570731693.811658,25,41,67,123,34,23,25,27
1570731693.8129199,25,47,67,119,33,27,24,26
1570731693.8809428,22,38,66,133,33,26,22,24
1570731693.8823442,22,36,64,131,36,29,23,25
1570731693.883809,24,36,57,114,35,29,23,25
1570731693.9505427,24,30,59,111,33,27,23,25
1570731693.9517038,25,34,60,115,33,27,20,24
1570731693.9529383,25,32,50,106,34,29,21,23
1570731694.020978,26,35,47,107,34,27,21,21
1570731694.022343,26,39,46,114,35,28,19,23
1570731694.0237806,26,38,47,110,33,26,20,25
1570731694.090472,26,42,46,117,37,27,20,25
1570731694.09166,25,40,39,106,36,24,19,24
1570731694.0929036,26,40,45,104,36,26,20,24
1570731694.1610157,26,38,50,110,39,28,21,20
1570731694.1623738,28,34,58,131,37,27,23,20
1570731694.1638837,25,37,59,138,36,28,22,20
1570731694.230535,25,38,54,145,35,26,23,21
1570731694.231687,27,35,50,141,36,26,22,22
1570731694.232927,27,36,46,155,39,26,23,22
1570731694.3009953,30,36,49,118,38,24,23,25
1570731694.3023553,29,35,56,136,37,25,25,25
1570731694.3038366,26,34,59,137,36,27,25,25
1570731694.37053,28,36,60,139,32,27,23,25
1570731694.371618,28,38,55,140,30,28,24,23
1570731694.3729017,27,40,51,150,26,29,24,22
1570731694.440963,29,40,50,136,29,24,20,20
1570731694.4423559,26,41,50,131,31,22,22,22
1570731694.4437947,26,40,55,143,33,24,22,21
1570731694.5105512,28,39,51,135,34,21,23,27
1570731694.5116377,29,39,54,136,33,23,22,27
1570731694.5129292,28,41,62,143,32,22,24,28
1570731694.580475,30,36,65,128,31,23,25,32
1570731694.5816083,31,33,66,121,31,23,23,29
1570731694.5828645,31,35,60,115,31,27,27,29
1570731694.6505244,33,32,52,111,31,28,26,29
1570731694.6516404,29,33,50,101,33,28,25,28
1570731694.6529424,31,34,46,104,33,28,25,26
1570731694.720463,30,30,51,120,37,28,22,26
1570731694.721576,29,31,53,113,37,30,21,23
1570731694.7228448,30,31,51,118,38,30,20,23
1570731694.7905192,29,30,56,134,39,30,23,21
1570731694.7916212,26,32,53,125,37,29,24,22
1570731694.7928643,25,35,54,123,34,30,28,23
1570731694.8605044,27,38,51,164,35,31,29,25
1570731694.86166,27,37,45,155,33,32,27,26
1570731694.862944,27,38,48,161,34,33,27,26
1570731694.9304214,25,38,51,163,34,31,23,26
1570731694.9316235,24,35,51,128,33,28,23,23
1570731694.9328976,20,35,56,112,29,27,23,23
1570731695.0005407,19,34,55,101,27,28,23,22
1570731695.001662,22,34,50,105,29,30,23,23
1570731695.0029542,23,34,50,101,29,31,26,26
1570731695.0705605,24,35,49,116,29,36,25,28
1570731695.0716739,28,35,51,124,31,33,25,28
1570731695.0729368,29,35,55,122,31,32,25,27
1570731695.140453,28,32,56,119,34,33,22,24
1570731695.1416316,29,35,53,109,35,29,20,22
1570731695.1428852,25,33,55,113,34,29,22,22
1570731695.2105472,24,34,49,114,34,29,22,23
1570731695.211645,24,34,53,120,35,28,23,21
1570731695.2129047,23,33,51,120,33,25,23,22
1570731695.2805243,26,32,49,108,34,26,25,24
1570731695.281668,29,33,56,108,34,28,25,25
1570731695.282944,29,38,58,106,32,28,25,25
1570731695.3504627,30,39,63,113,32,29,25,25
1570731695.3516505,28,36,64,121,31,28,21,25
1570731695.3529606,26,36,60,129,36,28,21,23
1570731695.4205856,25,29,56,134,38,34,18,21
1570731695.4216878,26,27,47,133,37,33,18,21
1570731695.4229214,26,29,46,126,36,34,20,20
1570731695.4905567,27,32,47,120,31,36,20,21
1570731695.4916706,31,31,43,117,30,35,21,24
1570731695.4929414,32,31,48,109,31,33,22,24
1570731695.560538,31,33,52,101,31,33,21,25
1570731695.5616467,31,32,55,113,31,31,23,25
1570731695.6309035,26,33,60,111,32,32,23,23
1570731695.6322274,24,33,53,105,33,32,23,25
1570731695.6335351,25,34,56,106,35,31,23,26
1570731695.7001936,27,30,56,91,35,29,24,27
1570731695.7014728,28,32,57,88,33,30,22,25
1570731695.7028022,25,31,55,82,34,32,22,24
1570731695.7701914,27,36,51,86,31,33,23,24
1570731695.7714536,26,37,48,62,31,33,21,24
1570731695.7727818,26,36,44,80,32,33,20,24
1570731695.8402908,27,38,44,82,35,31,19,23
1570731695.9108467,26,34,43,84,34,32,19,22
1570731695.9122074,26,36,37,81,33,30,20,21
1570731695.9136946,27,36,38,73,33,30,21,24
1570731695.9802165,29,31,49,116,30,29,28,30
1570731695.981463,32,31,49,112,31,30,27,28
1570731696.0508237,30,32,52,94,36,27,28,29
1570731696.05216,31,32,58,94,34,28,27,28
1570731696.0536876,29,30,57,98,35,29,24,26
1570731696.1202192,27,33,63,111,35,30,23,24
1570731696.1214626,29,35,63,110,35,29,25,22
1570731696.1227276,28,34,64,114,35,27,25,22
1570731696.1902957,30,33,59,128,32,29,25,23
1570731696.1915426,30,35,63,145,30,28,25,20
1570731696.1928413,31,34,61,136,30,27,22,21
1570731696.260516,28,41,57,128,33,30,21,24
1570731696.2616959,25,39,54,116,33,28,21,22
1570731696.2629414,26,40,46,96,35,29,21,24
1570731696.330325,25,41,47,106,37,29,21,24
1570731696.3315134,26,37,42,102,36,28,22,25
1570731696.332865,28,34,49,104,38,25,22,25
1570731696.400304,31,40,62,107,37,25,24,26
1570731696.401533,32,40,69,112,35,28,24,27
1570731696.4029744,31,39,71,117,33,29,25,27
1570731696.4702482,32,39,67,128,32,30,25,27
1570731696.4714751,30,33,62,135,31,32,23,27
1570731696.4728417,29,32,52,133,34,33,22,26
1570731696.540249,29,31,36,139,32,30,24,24
1570731696.5414233,26,31,32,130,33,29,23,24
1570731696.542725,24,32,36,132,32,25,24,23
1570731696.610247,24,35,39,128,29,24,24,25
1570731696.6115177,24,34,43,138,33,25,25,24
1570731696.6128435,25,35,47,127,33,24,21,23
1570731696.6802833,25,37,48,118,33,25,20,22
1570731696.681494,25,37,47,122,34,23,20,22
1570731696.6828284,24,37,51,109,33,27,20,22
1570731696.7503378,23,40,47,107,34,27,20,24
1570731696.7515147,22,40,47,105,35,31,22,23
1570731696.752837,26,45,47,110,35,30,22,23
1570731696.8202307,27,43,53,106,35,30,26,23
1570731696.8214824,28,40,56,110,35,30,26,22
1570731696.822866,28,39,59,103,37,27,25,23
1570731696.8902452,27,33,56,117,36,30,24,23
1570731696.8914847,25,33,55,112,35,28,22,26
1570731696.892802,26,31,50,115,35,27,21,26
1570731696.960871,26,29,49,146,32,29,21,27
1570731696.9621751,28,32,51,138,35,30,23,27
1570731696.9637136,29,33,49,132,36,32,22,26
1570731697.0302463,28,32,51,148,35,33,21,26
1570731697.0314858,28,35,51,131,36,34,20,24
1570731697.03281,29,39,48,129,36,32,20,24
1570731697.100873,28,36,55,149,32,27,24,25
1570731697.102181,28,39,55,133,31,26,23,27
1570731697.103722,28,38,55,127,31,26,23,27
1570731697.17036,27,34,61,150,33,26,25,28
1570731697.2407994,26,33,61,144,33,27,25,28
1570731697.2421281,23,35,59,150,31,29,22,28
1570731697.310701,30,31,54,89,42,29,22,25
1570731697.3121545,31,34,40,100,41,29,24,26
1570731697.3136067,29,40,43,104,38,26,22,29
1570731697.3802514,29,42,44,120,39,29,25,30
1570731697.381501,27,42,45,127,37,29,26,29
1570731697.3829653,27,41,49,132,33,29,25,29
1570731697.450831,25,34,51,131,36,29,23,24
1570731697.4520843,25,30,51,123,34,27,20,22
1570731697.4537532,25,33,51,120,36,28,20,21
1570731697.5203185,25,32,48,137,39,30,22,24
1570731697.5216117,27,34,45,118,36,30,21,27
1570731697.5228596,28,35,50,120,35,28,23,27
1570731697.5908647,28,37,51,122,36,27,26,28
1570731697.5922167,29,39,55,109,33,25,24,26
1570731697.5937362,27,36,55,126,32,25,24,25
1570731697.6601846,26,34,52,122,32,27,23,26
1570731697.661444,26,31,47,124,31,27,22,25
1570731697.730374,25,34,54,154,30,27,20,25
1570731697.730831,28,35,58,149,31,27,19,24
1570731697.7321572,30,37,62,167,30,25,19,22
1570731697.7336566,30,36,63,176,30,25,21,21
1570731697.800183,32,33,55,142,30,24,22,21
1570731697.8014727,31,37,52,130,26,26,23,21
1570731697.8028874,29,36,52,154,28,24,27,22
1570731697.8724406,27,39,49,124,30,29,26,22
1570731697.8726776,26,41,51,136,32,30,26,24
1570731697.874315,28,39,50,142,32,30,25,23
1570731697.9405203,28,38,45,126,31,31,24,24
1570731698.0802355,27,36,51,135,32,28,25,23
1570731698.0814915,28,37,49,132,32,28,24,22
1570731698.0836627,23,32,45,119,36,28,22,22
1570731698.2202108,25,37,49,109,40,26,23,24
1570731698.2215238,25,35,44,96,39,28,23,24
1570731698.2228134,24,36,45,87,39,28,24,25
1570731698.2236638,23,35,41,84,37,28,26,22
1570731698.2908652,24,35,49,83,36,29,24,20
1570731698.292289,26,34,52,96,35,29,22,21
1570731698.293678,24,37,57,109,31,25,22,23
1570731698.360259,26,39,56,110,34,24,20,22
1570731698.3622384,27,40,56,112,34,25,20,23
1570731698.3635445,32,38,50,117,34,27,23,22
1570731698.4307818,30,36,48,122,36,28,26,22
1570731698.4321072,30,34,45,113,35,30,26,24
1570731698.4335728,29,33,42,124,33,29,24,24
1570731698.5002265,26,31,41,121,31,29,22,23
1570731698.5014672,27,29,44,108,29,30,24,22
1570731698.5028226,27,26,39,92,31,30,21,20
1570731698.5709324,28,34,43,95,33,29,23,22
1570731698.572169,26,35,46,103,33,32,22,22
1570731698.5736794,25,39,48,138,36,28,20,25
1570731698.640207,25,39,53,142,35,31,20,25
1570731698.641428,24,35,54,136,33,30,20,22
1570731698.6429832,23,35,56,133,33,30,21,23
1570731698.7109144,23,35,56,99,34,31,22,19
1570731698.712138,23,35,54,91,34,28,22,20
1570731698.713654,19,34,53,99,36,29,23,21
1570731698.780232,22,36,48,95,39,28,22,20
1570731698.7814791,24,33,47,103,36,26,26,22
1570731698.7827866,23,29,43,103,35,25,26,21
1570731698.850873,25,32,48,104,35,25,25,23
1570731698.8521566,22,29,49,108,30,25,28,25
1570731698.8536937,24,30,49,94,30,25,23,24
1570731698.920259,27,32,51,102,32,29,24,28
1570731698.9215386,27,33,48,118,32,32,26,25
1570731698.9228477,27,34,48,118,30,31,22,25
1570731698.9910572,26,34,46,117,36,32,23,23
1570731698.9922998,23,33,43,106,36,30,22,22
1570731698.9938178,24,34,49,122,35,29,23,21
1570731699.060553,25,36,54,125,35,30,23,22
1570731699.0616767,25,38,54,124,35,28,22,22
1570731699.062943,27,39,54,124,32,32,21,25
1570731699.1310508,29,38,56,120,34,32,22,26
1570731699.1323211,30,34,52,113,36,31,24,26
1570731699.133832,32,29,48,109,34,33,24,27
1570731699.2005458,31,29,48,110,36,29,24,25
1570731699.2016876,29,26,46,94,35,30,23,24
1570731699.2029471,28,27,39,90,36,28,23,22
1570731699.2710824,26,30,43,98,39,28,22,22
1570731699.2722912,29,28,46,93,38,29,21,22
1570731699.273837,28,31,43,90,40,30,22,21
1570731699.340573,30,33,45,85,39,32,19,20
1570731699.3416839,30,32,44,86,37,32,21,20
1570731699.3429294,29,37,51,98,36,31,23,20
1570731699.4110513,29,37,56,135,35,30,23,22
1570731699.412331,28,37,57,135,36,26,24,23
1570731699.4138255,28,38,62,147,35,28,24,24
1570731699.4805868,28,36,54,145,35,28,23,24
1570731699.551047,26,39,50,121,32,26,23,22
1570731699.5523336,29,40,46,118,33,27,24,23
1570731699.5545382,28,37,32,113,34,27,25,25
1570731699.620558,28,32,38,113,33,25,28,23
1570731699.6217337,28,32,41,124,40,25,28,21
1570731699.623039,28,35,44,133,40,26,29,21
1570731699.7605896,29,37,50,145,41,31,28,23
1570731699.7617044,27,40,52,145,42,33,27,23
1570731699.7629712,29,40,50,143,37,35,28,26
1570731699.7638195,28,39,47,137,34,35,28,25
1570731699.830797,28,42,44,115,38,24,24,18
1570731699.8321927,29,41,48,100,38,25,24,22
1570731699.8336155,29,42,47,96,31,27,24,24
1570731699.9001136,25,39,46,92,33,30,25,25
1570731699.9013255,26,36,44,92,32,31,26,25
1570731699.902675,28,37,40,107,32,32,25,24
1570731700.0404792,30,36,38,105,38,32,24,20
1570731700.0416715,31,36,44,100,37,31,22,21
1570731700.042957,33,33,43,103,35,30,21,21
1570731700.0435953,31,35,43,94,34,28,19,21
1570731700.1110516,26,34,40,128,33,29,19,21
1570731700.112295,25,32,46,126,31,28,20,23
1570731700.1137748,25,35,54,132,36,26,21,22
1570731700.180544,23,34,58,121,33,24,20,22
1570731700.1816802,25,33,58,116,34,27,20,23
1570731700.1829712,26,36,65,111,35,28,19,23
1570731700.2510219,27,36,57,108,29,31,21,20
1570731700.2522628,27,39,53,100,29,32,20,20
1570731700.2537935,25,39,50,98,28,31,23,20
1570731700.3205545,24,36,44,104,30,31,25,19
1570731700.3217576,24,37,45,122,30,30,25,19
1570731700.3229976,23,38,40,118,32,28,23,20
1570731700.3909748,27,33,50,121,32,26,23,19
1570731700.3922744,28,34,49,122,30,25,24,21
1570731700.3937652,28,34,47,93,31,29,25,20
1570731700.460628,33,31,54,94,33,28,25,20
1570731700.4617639,32,33,57,102,34,28,24,18
1570731700.4630299,33,36,47,102,37,28,23,20
1570731700.531063,33,39,49,98,38,29,22,23
1570731700.532385,29,42,45,111,40,31,23,22
1570731700.5338612,29,44,47,101,39,31,23,25
1570731700.6006548,28,43,53,96,37,30,22,24
1570731700.6017678,30,42,55,114,36,27,21,23
1570731700.6030302,29,37,55,122,35,30,21,20
1570731700.671063,30,33,55,117,35,27,19,20
1570731700.6723797,28,30,49,122,36,29,21,20
1570731700.6738422,23,34,46,112,35,27,20,21
1570731700.7406657,25,37,45,111,36,28,20,22
1570731700.7417605,24,33,45,111,36,29,22,21
1570731700.7430274,23,34,43,111,34,29,21,22
1570731700.8110056,25,32,41,131,32,28,21,23
1570731700.8123927,22,37,41,123,36,29,22,21
1570731700.8138413,24,37,47,128,37,30,20,22
1570731700.8803325,24,34,46,125,35,29,21,22
1570731700.881803,26,36,49,121,39,29,21,23
1570731700.8828356,26,37,55,107,39,30,22,22
1570731700.950675,31,35,62,110,33,28,23,26
1570731700.9527388,29,36,61,121,33,27,24,26
1570731700.9543288,28,35,57,116,30,27,25,26
1570731701.0203876,26,36,52,112,29,26,24,26
1570731701.0215342,28,33,59,142,31,26,25,24
1570731701.0226955,21,37,58,159,34,25,24,24
1570731701.0909307,25,36,63,157,41,31,26,26
1570731701.0922828,26,35,65,176,41,35,27,27
1570731701.0937228,27,35,57,155,40,33,26,26
1570731701.16032,28,36,48,133,38,34,26,24
1570731701.1616077,27,39,50,170,43,33,25,22
1570731701.162828,28,39,50,157,37,31,22,20
1570731701.2303367,30,39,46,146,39,29,20,22
1570731701.231579,28,40,45,165,38,29,21,24
1570731701.2329001,27,36,48,168,42,28,21,28
1570731701.3004506,27,33,52,149,41,29,25,30
1570731701.3016164,27,32,57,150,40,28,24,28
1570731701.3029597,27,35,59,124,40,29,25,28
1570731701.3703187,27,36,56,129,36,26,25,25
1570731701.3715801,25,37,55,145,39,29,25,26
1570731701.3729033,25,36,62,161,38,28,22,24
1570731701.4404929,23,35,66,159,37,27,22,28
1570731701.441731,27,35,71,180,38,29,21,28
1570731701.4428656,28,35,70,175,38,28,23,27
1570731701.5101933,28,35,63,176,37,27,24,29
1570731701.5114503,27,33,58,175,36,29,23,25
1570731701.512753,28,38,57,173,39,32,25,22
1570731701.5801854,26,36,66,134,44,30,24,23
1570731701.5813863,28,36,61,117,46,29,23,21
1570731701.5826783,28,39,64,128,64,37,35,29
1570731701.65032,29,34,67,128,63,36,35,29
1570731701.651547,29,36,68,137,65,36,36,30
1570731701.6528919,30,34,66,135,62,36,35,29
1570731701.7203119,30,30,83,139,48,28,27,24
1570731701.7215204,29,31,84,150,54,32,29,29
1570731701.7229087,29,31,82,146,50,31,29,27
1570731701.7903392,27,29,89,158,50,31,30,27
1570731701.8610895,26,31,80,160,51,31,29,29
1570731701.862342,26,33,75,168,55,32,31,30
1570731701.8638985,27,31,68,151,47,31,28,25
1570731701.930527,30,33,47,117,56,35,26,24
1570731701.9317517,30,32,49,136,57,34,26,27
1570731701.9331667,29,33,51,156,57,34,23,27
1570731702.0003803,27,32,55,169,43,29,21,25
1570731702.0015864,30,34,62,171,49,29,22,27
1570731702.002893,30,34,75,171,48,28,22,23
1570731702.0702193,29,34,76,151,52,29,26,25
1570731702.0715451,28,31,75,148,52,33,27,26
1570731702.072767,26,35,76,165,59,35,29,27
1570731702.14031,29,38,65,190,53,34,28,28
1570731702.1415336,30,36,62,192,54,34,28,29
1570731702.1428487,33,37,66,191,66,31,32,30
1570731702.2102134,32,34,76,161,58,31,33,35
1570731702.2115078,29,32,73,131,57,30,33,33
1570731702.2128723,27,33,75,112,58,28,34,32
1570731702.280427,26,34,71,131,35,25,28,32
1570731702.281734,30,35,62,116,39,26,24,26
1570731702.282997,31,32,65,143,67,41,27,28
1570731702.3505979,31,32,63,143,71,42,27,29
1570731702.351742,28,29,62,134,75,43,25,26
1570731702.3538647,27,30,62,122,78,45,25,27
1570731702.4210885,25,31,56,103,53,31,25,26
1570731702.422272,28,29,59,105,46,30,26,26
1570731702.423788,27,33,62,99,42,31,27,26
1570731702.4903562,28,34,64,102,37,26,28,26
1570731702.491612,25,36,66,106,42,30,26,26
1570731702.492966,27,36,62,97,41,29,27,23
1570731702.56078,26,36,50,101,38,28,25,24
1570731702.5620348,25,34,51,101,38,31,23,23
1570731702.5636327,25,37,48,99,31,29,22,22
1570731702.6302178,25,40,50,115,36,29,22,25
1570731702.6315136,29,40,46,107,36,29,22,27
1570731702.6328125,26,39,47,112,37,30,24,27
1570731702.7009008,27,39,50,113,39,30,22,27
1570731702.7022989,25,37,46,95,36,28,21,24
1570731702.7037046,25,34,46,95,38,27,22,22
1570731702.7705452,26,36,50,94,40,27,23,22
1570731702.77173,27,36,50,98,40,28,24,22
1570731702.7729864,28,34,50,92,53,31,29,22
1570731702.8410738,25,37,59,102,59,35,28,26
1570731702.8423884,25,35,61,103,60,33,27,26
1570731702.8438494,23,31,57,109,60,30,28,26
1570731702.9127183,23,30,57,132,51,28,25,28
1570731702.913161,24,32,53,134,61,32,29,30
1570731702.914453,24,32,51,125,62,34,31,29
1570731703.0503185,24,34,58,116,58,35,31,32
1570731703.120824,25,34,68,99,74,38,33,31
1570731703.1221097,27,30,72,94,67,37,29,27
1570731703.1227796,28,30,76,97,66,33,28,28
1570731703.1902916,20,36,60,153,52,32,25,29
1570731703.1915362,20,35,70,142,70,36,29,29
1570731703.1929884,23,34,74,129,84,39,29,28
1570731703.2609053,29,33,69,88,94,36,34,30
1570731703.2621639,28,32,66,76,93,35,33,28
1570731703.2637768,32,30,54,91,80,34,30,26
1570731703.3305376,32,30,43,92,70,32,34,34
1570731703.331708,32,27,48,95,69,34,35,34
1570731703.3329997,30,27,48,99,54,35,30,30
1570731703.4013102,26,30,52,98,51,31,28,34
